[2026-04-11 17:39:36] production.ERROR: No application encryption key has been specified. {"exception":"[object] (Illuminate\\Encryption\\MissingAppKeyException(code: 0): No application encryption key has been specified. at C:/PROYETO/web/proyectoWEB/frontLaravel/vendor/laravel/framework/src/Illuminate/Encryption/EncryptionServiceProvider.php:83)
[stacktrace]
#0 C:/PROYETO/web/proyectoWEB/frontLaravel/vendor/laravel/framework/src/Illuminate/Support/helpers.php(393): Illuminate/Encryption/EncryptionServiceProvider->{closure:Illuminate/Encryption/EncryptionServiceProvider::key():81}(NULL)
#1 C:/PROYETO/web/proyectoWEB/frontLaravel/vendor/laravel/framework/src/Illuminate/Encryption/EncryptionServiceProvider.php(81): tap(NULL, Object(Closure))
#2 C:/PROYETO/web/proyectoWEB/frontLaravel/vendor/laravel/framework/src/Illuminate/Encryption/EncryptionServiceProvider.php(64): Illuminate/Encryption/EncryptionServiceProvider->key(Array)
#3 C:/PROYETO/web/proyectoWEB/frontLaravel/vendor/laravel/framework/src/Illuminate/Encryption/EncryptionServiceProvider.php(32): Illuminate/Encryption/EncryptionServiceProvider->parseKey(Array)
#4 C:/PROYETO/web/proyectoWEB/frontLaravel/vendor/laravel/framework/src/Illuminate/Container/Container.php(1118): Illuminate/Encryption/EncryptionServiceProvider->{closure:Illuminate/Encryption/EncryptionServiceProvider::registerEncrypter():29}(Object(Illuminate/Foundation/Application), Array)
#5 C:/PROYETO/web/proyectoWEB/frontLaravel/vendor/laravel/framework/src/Illuminate/Container/Container.php(936): Illuminate/Container/Container->build(Object(Closure))
#6 C:/PROYETO/web/proyectoWEB/frontLaravel/vendor/laravel/framework/src/Illuminate/Foundation/Application.php(1078): Illuminate/Container/Container->resolve('encrypter', Array, true)
#7 C:/PROYETO/web/proyectoWEB/frontLaravel/vendor/laravel/framework/src/Illuminate/Container/Container.php(864): Illuminate/Foundation/Application->resolve('encrypter', Array)
#8 C:/PROYETO/web/proyectoWEB/frontLaravel/vendor/laravel/framework/src/Illuminate/Foundation/Application.php(1058): Illuminate/Container/Container->make('encrypter', Array)
#9 C:/PROYETO/web/proyectoWEB/frontLaravel/vendor/laravel/framework/src/Illuminate/Container/Container.php(1339): Illuminate/Foundation/Application->make('encrypter')
#10 C:/PROYETO/web/proyectoWEB/frontLaravel/vendor/laravel/framework/src/Illuminate/Container/Container.php(1240): Illuminate/Container/Container->resolveClass(Object(ReflectionParameter), 'Illuminate//Cont...')
#11 C:/PROYETO/web/proyectoWEB/frontLaravel/vendor/laravel/framework/src/Illuminate/Container/Container.php(1165): Illuminate/Container/Container->resolveDependencies(Array)
#12 C:/PROYETO/web/proyectoWEB/frontLaravel/vendor/laravel/framework/src/Illuminate/Container/Container.php(936): Illuminate/Container/Container->build('Illuminate//Cook...')
#13 C:/PROYETO/web/proyectoWEB/frontLaravel/vendor/laravel/framework/src/Illuminate/Foundation/Application.php(1078): Illuminate/Container/Container->resolve('Illuminate//Cook...', Array, true)
#14 C:/PROYETO/web/proyectoWEB/frontLaravel/vendor/laravel/framework/src/Illuminate/Container/Container.php(864): Illuminate/Foundation/Application->resolve('Illuminate//Cook...', Array)
#15 C:/PROYETO/web/proyectoWEB/frontLaravel/vendor/laravel/framework/src/Illuminate/Foundation/Application.php(1058): Illuminate/Container/Container->make('Illuminate//Cook...', Array)
#16 C:/PROYETO/web/proyectoWEB/frontLaravel/vendor/laravel/framework/src/Illuminate/Pipeline/Pipeline.php(208): Illuminate/Foundation/Application->make('Illuminate//Cook...')
#17 C:/PROYETO/web/proyectoWEB/frontLaravel/vendor/laravel/framework/src/Illuminate/Pipeline/Pipeline.php(137): Illuminate/Pipeline/Pipeline->{closure:{closure:Illuminate/Pipeline/Pipeline::carry():194}:195}(Object(Illuminate/Http/Request))
#18 C:/PROYETO/web/proyectoWEB/frontLaravel/vendor/laravel/framework/src/Illuminate/Routing/Router.php(821): Illuminate/Pipeline/Pipeline->then(Object(Closure))
#19 C:/PROYETO/web/proyectoWEB/frontLaravel/vendor/laravel/framework/src/Illuminate/Routing/Router.php(800): Illuminate/Routing/Router->runRouteWithinStack(Object(Illuminate/Routing/Route), Object(Illuminate/Http/Request))
#20 C:/PROYETO/web/proyectoWEB/frontLaravel/vendor/laravel/framework/src/Illuminate/Routing/Router.php(764): Illuminate/Routing/Router->runRoute(Object(Illuminate/Http/Request), Object(Illuminate/Routing/Route))
#21 C:/PROYETO/web/proyectoWEB/frontLaravel/vendor/laravel/framework/src/Illuminate/Routing/Router.php(753): Illuminate/Routing/Router->dispatchToRoute(Object(Illuminate/Http/Request))
#22 C:/PROYETO/web/proyectoWEB/frontLaravel/vendor/laravel/framework/src/Illuminate/Foundation/Http/Kernel.php(200): Illuminate/Routing/Router->dispatch(Object(Illuminate/Http/Request))
#23 C:/PROYETO/web/proyectoWEB/frontLaravel/vendor/laravel/framework/src/Illuminate/Pipeline/Pipeline.php(180): Illuminate/Foundation/Http/Kernel->{closure:Illuminate/Foundation/Http/Kernel::dispatchToRouter():197}(Object(Illuminate/Http/Request))
#24 C:/PROYETO/web/proyectoWEB/frontLaravel/vendor/livewire/livewire/src/Features/SupportDisablingBackButtonCache/DisableBackButtonCacheMiddleware.php(19): Illuminate/Pipeline/Pipeline->{closure:Illuminate/Pipeline/Pipeline::prepareDestination():178}(Object(Illuminate/Http/Request))
#25 C:/PROYETO/web/proyectoWEB/frontLaravel/vendor/laravel/framework/src/Illuminate/Pipeline/Pipeline.php(219): Livewire/Features/SupportDisablingBackButtonCache/DisableBackButtonCacheMiddleware->handle(Object(Illuminate/Http/Request), Object(Closure))
#26 C:/PROYETO/web/proyectoWEB/frontLaravel/vendor/laravel/framework/src/Illuminate/Foundation/Http/Middleware/TransformsRequest.php(21): Illuminate/Pipeline/Pipeline->{closure:{closure:Illuminate/Pipeline/Pipeline::carry():194}:195}(Object(Illuminate/Http/Request))
#27 C:/PROYETO/web/proyectoWEB/frontLaravel/vendor/laravel/framework/src/Illuminate/Foundation/Http/Middleware/ConvertEmptyStringsToNull.php(31): Illuminate/Foundation/Http/Middleware/TransformsRequest->handle(Object(Illuminate/Http/Request), Object(Closure))
#28 C:/PROYETO/web/proyectoWEB/frontLaravel/vendor/laravel/framework/src/Illuminate/Pipeline/Pipeline.php(219): Illuminate/Foundation/Http/Middleware/ConvertEmptyStringsToNull->handle(Object(Illuminate/Http/Request), Object(Closure))
#29 C:/PROYETO/web/proyectoWEB/frontLaravel/vendor/laravel/framework/src/Illuminate/Foundation/Http/Middleware/TransformsRequest.php(21): Illuminate/Pipeline/Pipeline->{closure:{closure:Illuminate/Pipeline/Pipeline::carry():194}:195}(Object(Illuminate/Http/Request))
#30 C:/PROYETO/web/proyectoWEB/frontLaravel/vendor/laravel/framework/src/Illuminate/Foundation/Http/Middleware/TrimStrings.php(51): Illuminate/Foundation/Http/Middleware/TransformsRequest->handle(Object(Illuminate/Http/Request), Object(Closure))
#31 C:/PROYETO/web/proyectoWEB/frontLaravel/vendor/laravel/framework/src/Illuminate/Pipeline/Pipeline.php(219): Illuminate/Foundation/Http/Middleware/TrimStrings->handle(Object(Illuminate/Http/Request), Object(Closure))
#32 C:/PROYETO/web/proyectoWEB/frontLaravel/vendor/laravel/framework/src/Illuminate/Http/Middleware/ValidatePostSize.php(27): Illuminate/Pipeline/Pipeline->{closure:{closure:Illuminate/Pipeline/Pipeline::carry():194}:195}(Object(Illuminate/Http/Request))
#33 C:/PROYETO/web/proyectoWEB/frontLaravel/vendor/laravel/framework/src/Illuminate/Pipeline/Pipeline.php(219): Illuminate/Http/Middleware/ValidatePostSize->handle(Object(Illuminate/Http/Request), Object(Closure))
#34 C:/PROYETO/web/proyectoWEB/frontLaravel/vendor/laravel/framework/src/Illuminate/Foundation/Http/Middleware/PreventRequestsDuringMaintenance.php(109): Illuminate/Pipeline/Pipeline->{closure:{closure:Illuminate/Pipeline/Pipeline::carry():194}:195}(Object(Illuminate/Http/Request))
#35 C:/PROYETO/web/proyectoWEB/frontLaravel/vendor/laravel/framework/src/Illuminate/Pipeline/Pipeline.php(219): Illuminate/Foundation/Http/Middleware/PreventRequestsDuringMaintenance->handle(Object(Illuminate/Http/Request), Object(Closure))
#36 C:/PROYETO/web/proyectoWEB/frontLaravel/vendor/laravel/framework/src/Illuminate/Http/Middleware/HandleCors.php(61): Illuminate/Pipeline/Pipeline->{closure:{closure:Illuminate/Pipeline/Pipeline::carry():194}:195}(Object(Illuminate/Http/Request))
#37 C:/PROYETO/web/proyectoWEB/frontLaravel/vendor/laravel/framework/src/Illuminate/Pipeline/Pipeline.php(219): Illuminate/Http/Middleware/HandleCors->handle(Object(Illuminate/Http/Request), Object(Closure))
#38 C:/PROYETO/web/proyectoWEB/frontLaravel/vendor/laravel/framework/src/Illuminate/Http/Middleware/TrustProxies.php(58): Illuminate/Pipeline/Pipeline->{closure:{closure:Illuminate/Pipeline/Pipeline::carry():194}:195}(Object(Illuminate/Http/Request))
#39 C:/PROYETO/web/proyectoWEB/frontLaravel/vendor/laravel/framework/src/Illuminate/Pipeline/Pipeline.php(219): Illuminate/Http/Middleware/TrustProxies->handle(Object(Illuminate/Http/Request), Object(Closure))
#40 C:/PROYETO/web/proyectoWEB/frontLaravel/vendor/laravel/framework/src/Illuminate/Foundation/Http/Middleware/InvokeDeferredCallbacks.php(22): Illuminate/Pipeline/Pipeline->{closure:{closure:Illuminate/Pipeline/Pipeline::carry():194}:195}(Object(Illuminate/Http/Request))
#41 C:/PROYETO/web/proyectoWEB/frontLaravel/vendor/laravel/framework/src/Illuminate/Pipeline/Pipeline.php(219): Illuminate/Foundation/Http/Middleware/InvokeDeferredCallbacks->handle(Object(Illuminate/Http/Request), Object(Closure))
#42 C:/PROYETO/web/proyectoWEB/frontLaravel/vendor/laravel/framework/src/Illuminate/Http/Middleware/ValidatePathEncoding.php(28): Illuminate/Pipeline/Pipeline->{closure:{closure:Illuminate/Pipeline/Pipeline::carry():194}:195}(Object(Illuminate/Http/Request))
#43 C:/PROYETO/web/proyectoWEB/frontLaravel/vendor/laravel/framework/src/Illuminate/Pipeline/Pipeline.php(219): Illuminate/Http/Middleware/ValidatePathEncoding->handle(Object(Illuminate/Http/Request), Object(Closure))
#44 C:/PROYETO/web/proyectoWEB/frontLaravel/vendor/laravel/framework/src/Illuminate/Pipeline/Pipeline.php(137): Illuminate/Pipeline/Pipeline->{closure:{closure:Illuminate/Pipeline/Pipeline::carry():194}:195}(Object(Illuminate/Http/Request))
#45 C:/PROYETO/web/proyectoWEB/frontLaravel/vendor/laravel/framework/src/Illuminate/Foundation/Http/Kernel.php(175): Illuminate/Pipeline/Pipeline->then(Object(Closure))
#46 C:/PROYETO/web/proyectoWEB/frontLaravel/vendor/laravel/framework/src/Illuminate/Foundation/Http/Kernel.php(144): Illuminate/Foundation/Http/Kernel->sendRequestThroughRouter(Object(Illuminate/Http/Request))
#47 C:/PROYETO/web/proyectoWEB/frontLaravel/vendor/laravel/framework/src/Illuminate/Foundation/Application.php(1220): Illuminate/Foundation/Http/Kernel->handle(Object(Illuminate/Http/Request))
#48 C:/PROYETO/web/proyectoWEB/frontLaravel/public/index.php(20): Illuminate/Foundation/Application->handleRequest(Object(Illuminate/Http/Request))
#49 C:/PROYETO/web/proyectoWEB/frontLaravel/vendor/laravel/framework/src/Illuminate/Foundation/resources/server.php(23): require_once('C://PROYETO//web//...')
#50 {main}
"} 
[2026-04-11 17:39:36] production.ERROR: No application encryption key has been specified. {"exception":"[object] (Illuminate\\Encryption\\MissingAppKeyException(code: 0): No application encryption key has been specified. at C:/PROYETO/web/proyectoWEB/frontLaravel/vendor/laravel/framework/src/Illuminate/Encryption/EncryptionServiceProvider.php:83)
[stacktrace]
#0 C:/PROYETO/web/proyectoWEB/frontLaravel/vendor/laravel/framework/src/Illuminate/Support/helpers.php(393): Illuminate/Encryption/EncryptionServiceProvider->{closure:Illuminate/Encryption/EncryptionServiceProvider::key():81}(NULL)
#1 C:/PROYETO/web/proyectoWEB/frontLaravel/vendor/laravel/framework/src/Illuminate/Encryption/EncryptionServiceProvider.php(81): tap(NULL, Object(Closure))
#2 C:/PROYETO/web/proyectoWEB/frontLaravel/vendor/laravel/framework/src/Illuminate/Encryption/EncryptionServiceProvider.php(64): Illuminate/Encryption/EncryptionServiceProvider->key(Array)
#3 C:/PROYETO/web/proyectoWEB/frontLaravel/vendor/laravel/framework/src/Illuminate/Encryption/EncryptionServiceProvider.php(32): Illuminate/Encryption/EncryptionServiceProvider->parseKey(Array)
#4 C:/PROYETO/web/proyectoWEB/frontLaravel/vendor/laravel/framework/src/Illuminate/Container/Container.php(1118): Illuminate/Encryption/EncryptionServiceProvider->{closure:Illuminate/Encryption/EncryptionServiceProvider::registerEncrypter():29}(Object(Illuminate/Foundation/Application), Array)
#5 C:/PROYETO/web/proyectoWEB/frontLaravel/vendor/laravel/framework/src/Illuminate/Container/Container.php(936): Illuminate/Container/Container->build(Object(Closure))
#6 C:/PROYETO/web/proyectoWEB/frontLaravel/vendor/laravel/framework/src/Illuminate/Foundation/Application.php(1078): Illuminate/Container/Container->resolve('encrypter', Array, true)
#7 C:/PROYETO/web/proyectoWEB/frontLaravel/vendor/laravel/framework/src/Illuminate/Container/Container.php(864): Illuminate/Foundation/Application->resolve('encrypter', Array)
#8 C:/PROYETO/web/proyectoWEB/frontLaravel/vendor/laravel/framework/src/Illuminate/Foundation/Application.php(1058): Illuminate/Container/Container->make('encrypter', Array)
#9 C:/PROYETO/web/proyectoWEB/frontLaravel/vendor/laravel/framework/src/Illuminate/Container/Container.php(1339): Illuminate/Foundation/Application->make('encrypter')
#10 C:/PROYETO/web/proyectoWEB/frontLaravel/vendor/laravel/framework/src/Illuminate/Container/Container.php(1240): Illuminate/Container/Container->resolveClass(Object(ReflectionParameter), 'Illuminate//Cont...')
#11 C:/PROYETO/web/proyectoWEB/frontLaravel/vendor/laravel/framework/src/Illuminate/Container/Container.php(1165): Illuminate/Container/Container->resolveDependencies(Array)
#12 C:/PROYETO/web/proyectoWEB/frontLaravel/vendor/laravel/framework/src/Illuminate/Container/Container.php(936): Illuminate/Container/Container->build('Illuminate//Cook...')
#13 C:/PROYETO/web/proyectoWEB/frontLaravel/vendor/laravel/framework/src/Illuminate/Foundation/Application.php(1078): Illuminate/Container/Container->resolve('Illuminate//Cook...', Array, true)
#14 C:/PROYETO/web/proyectoWEB/frontLaravel/vendor/laravel/framework/src/Illuminate/Container/Container.php(864): Illuminate/Foundation/Application->resolve('Illuminate//Cook...', Array)
#15 C:/PROYETO/web/proyectoWEB/frontLaravel/vendor/laravel/framework/src/Illuminate/Foundation/Application.php(1058): Illuminate/Container/Container->make('Illuminate//Cook...', Array)
#16 C:/PROYETO/web/proyectoWEB/frontLaravel/vendor/laravel/framework/src/Illuminate/Foundation/Http/Kernel.php(257): Illuminate/Foundation/Application->make('Illuminate//Cook...')
#17 C:/PROYETO/web/proyectoWEB/frontLaravel/vendor/laravel/framework/src/Illuminate/Foundation/Http/Kernel.php(215): Illuminate/Foundation/Http/Kernel->terminateMiddleware(Object(Illuminate/Http/Request), Object(Illuminate/Http/Response))
#18 C:/PROYETO/web/proyectoWEB/frontLaravel/vendor/laravel/framework/src/Illuminate/Foundation/Application.php(1222): Illuminate/Foundation/Http/Kernel->terminate(Object(Illuminate/Http/Request), Object(Illuminate/Http/Response))
#19 C:/PROYETO/web/proyectoWEB/frontLaravel/public/index.php(20): Illuminate/Foundation/Application->handleRequest(Object(Illuminate/Http/Request))
#20 C:/PROYETO/web/proyectoWEB/frontLaravel/vendor/laravel/framework/src/Illuminate/Foundation/resources/server.php(23): require_once('C://PROYETO//web//...')
#21 {main}
"} 
[2026-04-11 17:39:36] production.ERROR: Uncaught ErrorException: Cannot modify header information - headers already sent by (output started at C:\PROYETO\web\proyectoWEB\frontLaravel\vendor\symfony\http-foundation\Response.php:387) in C:\PROYETO\web\proyectoWEB\frontLaravel\vendor\symfony\http-foundation\Response.php:322
Stack trace:
#0 C:\PROYETO\web\proyectoWEB\frontLaravel\vendor\laravel\framework\src\Illuminate\Foundation\Bootstrap\HandleExceptions.php(258): Illuminate\Foundation\Bootstrap\HandleExceptions->handleError(2, 'Cannot modify h...', 'C:\\PROYETO\\web\\...', 322)
#1 [internal function]: Illuminate\Foundation\Bootstrap\HandleExceptions->{closure:Illuminate\Foundation\Bootstrap\HandleExceptions::forwardsTo():257}(2, 'Cannot modify h...', 'C:\\PROYETO\\web\\...', 322)
#2 C:\PROYETO\web\proyectoWEB\frontLaravel\vendor\symfony\http-foundation\Response.php(322): header('HTTP/1.1 500 In...', true, 500)
#3 C:\PROYETO\web\proyectoWEB\frontLaravel\vendor\symfony\http-foundation\Response.php(401): Symfony\Component\HttpFoundation\Response->sendHeaders()
#4 C:\PROYETO\web\proyectoWEB\frontLaravel\vendor\laravel\framework\src\Illuminate\Foundation\Bootstrap\HandleExceptions.php(221): Symfony\Component\HttpFoundation\Response->send()
#5 C:\PROYETO\web\proyectoWEB\frontLaravel\vendor\laravel\framework\src\Illuminate\Foundation\Bootstrap\HandleExceptions.php(198): Illuminate\Foundation\Bootstrap\HandleExceptions->renderHttpResponse(Object(Illuminate\Encryption\MissingAppKeyException))
#6 C:\PROYETO\web\proyectoWEB\frontLaravel\vendor\laravel\framework\src\Illuminate\Foundation\Bootstrap\HandleExceptions.php(258): Illuminate\Foundation\Bootstrap\HandleExceptions->handleException(Object(Illuminate\Encryption\MissingAppKeyException))
#7 [internal function]: Illuminate\Foundation\Bootstrap\HandleExceptions->{closure:Illuminate\Foundation\Bootstrap\HandleExceptions::forwardsTo():257}(Object(Illuminate\Encryption\MissingAppKeyException))
#8 {main}
  thrown {"exception":"[object] (Symfony\\Component\\ErrorHandler\\Error\\FatalError(code: 0): Uncaught ErrorException: Cannot modify header information - headers already sent by (output started at C:\\PROYETO\\web\\proyectoWEB\\frontLaravel\\vendor\\symfony\\http-foundation\\Response.php:387) in C:\\PROYETO\\web\\proyectoWEB\\frontLaravel\\vendor\\symfony\\http-foundation\\Response.php:322
Stack trace:
#0 C:\\PROYETO\\web\\proyectoWEB\\frontLaravel\\vendor\\laravel\\framework\\src\\Illuminate\\Foundation\\Bootstrap\\HandleExceptions.php(258): Illuminate\\Foundation\\Bootstrap\\HandleExceptions->handleError(2, 'Cannot modify h...', 'C:\\\\PROYETO\\\\web\\\\...', 322)
#1 [internal function]: Illuminate\\Foundation\\Bootstrap\\HandleExceptions->{closure:Illuminate\\Foundation\\Bootstrap\\HandleExceptions::forwardsTo():257}(2, 'Cannot modify h...', 'C:\\\\PROYETO\\\\web\\\\...', 322)
#2 C:\\PROYETO\\web\\proyectoWEB\\frontLaravel\\vendor\\symfony\\http-foundation\\Response.php(322): header('HTTP/1.1 500 In...', true, 500)
#3 C:\\PROYETO\\web\\proyectoWEB\\frontLaravel\\vendor\\symfony\\http-foundation\\Response.php(401): Symfony\\Component\\HttpFoundation\\Response->sendHeaders()
#4 C:\\PROYETO\\web\\proyectoWEB\\frontLaravel\\vendor\\laravel\\framework\\src\\Illuminate\\Foundation\\Bootstrap\\HandleExceptions.php(221): Symfony\\Component\\HttpFoundation\\Response->send()
#5 C:\\PROYETO\\web\\proyectoWEB\\frontLaravel\\vendor\\laravel\\framework\\src\\Illuminate\\Foundation\\Bootstrap\\HandleExceptions.php(198): Illuminate\\Foundation\\Bootstrap\\HandleExceptions->renderHttpResponse(Object(Illuminate\\Encryption\\MissingAppKeyException))
#6 C:\\PROYETO\\web\\proyectoWEB\\frontLaravel\\vendor\\laravel\\framework\\src\\Illuminate\\Foundation\\Bootstrap\\HandleExceptions.php(258): Illuminate\\Foundation\\Bootstrap\\HandleExceptions->handleException(Object(Illuminate\\Encryption\\MissingAppKeyException))
#7 [internal function]: Illuminate\\Foundation\\Bootstrap\\HandleExceptions->{closure:Illuminate\\Foundation\\Bootstrap\\HandleExceptions::forwardsTo():257}(Object(Illuminate\\Encryption\\MissingAppKeyException))
#8 {main}
  thrown at C:/PROYETO/web/proyectoWEB/frontLaravel/vendor/symfony/http-foundation/Response.php:322)
[stacktrace]
#0 {main}
"} 
[2026-04-11 17:39:39] production.ERROR: No application encryption key has been specified. {"exception":"[object] (Illuminate\\Encryption\\MissingAppKeyException(code: 0): No application encryption key has been specified. at C:/PROYETO/web/proyectoWEB/frontLaravel/vendor/laravel/framework/src/Illuminate/Encryption/EncryptionServiceProvider.php:83)
[stacktrace]
#0 C:/PROYETO/web/proyectoWEB/frontLaravel/vendor/laravel/framework/src/Illuminate/Support/helpers.php(393): Illuminate/Encryption/EncryptionServiceProvider->{closure:Illuminate/Encryption/EncryptionServiceProvider::key():81}(NULL)
#1 C:/PROYETO/web/proyectoWEB/frontLaravel/vendor/laravel/framework/src/Illuminate/Encryption/EncryptionServiceProvider.php(81): tap(NULL, Object(Closure))
#2 C:/PROYETO/web/proyectoWEB/frontLaravel/vendor/laravel/framework/src/Illuminate/Encryption/EncryptionServiceProvider.php(64): Illuminate/Encryption/EncryptionServiceProvider->key(Array)
#3 C:/PROYETO/web/proyectoWEB/frontLaravel/vendor/laravel/framework/src/Illuminate/Encryption/EncryptionServiceProvider.php(32): Illuminate/Encryption/EncryptionServiceProvider->parseKey(Array)
#4 C:/PROYETO/web/proyectoWEB/frontLaravel/vendor/laravel/framework/src/Illuminate/Container/Container.php(1118): Illuminate/Encryption/EncryptionServiceProvider->{closure:Illuminate/Encryption/EncryptionServiceProvider::registerEncrypter():29}(Object(Illuminate/Foundation/Application), Array)
#5 C:/PROYETO/web/proyectoWEB/frontLaravel/vendor/laravel/framework/src/Illuminate/Container/Container.php(936): Illuminate/Container/Container->build(Object(Closure))
#6 C:/PROYETO/web/proyectoWEB/frontLaravel/vendor/laravel/framework/src/Illuminate/Foundation/Application.php(1078): Illuminate/Container/Container->resolve('encrypter', Array, true)
#7 C:/PROYETO/web/proyectoWEB/frontLaravel/vendor/laravel/framework/src/Illuminate/Container/Container.php(864): Illuminate/Foundation/Application->resolve('encrypter', Array)
#8 C:/PROYETO/web/proyectoWEB/frontLaravel/vendor/laravel/framework/src/Illuminate/Foundation/Application.php(1058): Illuminate/Container/Container->make('encrypter', Array)
#9 C:/PROYETO/web/proyectoWEB/frontLaravel/vendor/laravel/framework/src/Illuminate/Container/Container.php(1339): Illuminate/Foundation/Application->make('encrypter')
#10 C:/PROYETO/web/proyectoWEB/frontLaravel/vendor/laravel/framework/src/Illuminate/Container/Container.php(1240): Illuminate/Container/Container->resolveClass(Object(ReflectionParameter), 'Illuminate//Cont...')
#11 C:/PROYETO/web/proyectoWEB/frontLaravel/vendor/laravel/framework/src/Illuminate/Container/Container.php(1165): Illuminate/Container/Container->resolveDependencies(Array)
#12 C:/PROYETO/web/proyectoWEB/frontLaravel/vendor/laravel/framework/src/Illuminate/Container/Container.php(936): Illuminate/Container/Container->build('Illuminate//Cook...')
#13 C:/PROYETO/web/proyectoWEB/frontLaravel/vendor/laravel/framework/src/Illuminate/Foundation/Application.php(1078): Illuminate/Container/Container->resolve('Illuminate//Cook...', Array, true)
#14 C:/PROYETO/web/proyectoWEB/frontLaravel/vendor/laravel/framework/src/Illuminate/Container/Container.php(864): Illuminate/Foundation/Application->resolve('Illuminate//Cook...', Array)
#15 C:/PROYETO/web/proyectoWEB/frontLaravel/vendor/laravel/framework/src/Illuminate/Foundation/Application.php(1058): Illuminate/Container/Container->make('Illuminate//Cook...', Array)
#16 C:/PROYETO/web/proyectoWEB/frontLaravel/vendor/laravel/framework/src/Illuminate/Pipeline/Pipeline.php(208): Illuminate/Foundation/Application->make('Illuminate//Cook...')
#17 C:/PROYETO/web/proyectoWEB/frontLaravel/vendor/laravel/framework/src/Illuminate/Pipeline/Pipeline.php(137): Illuminate/Pipeline/Pipeline->{closure:{closure:Illuminate/Pipeline/Pipeline::carry():194}:195}(Object(Illuminate/Http/Request))
#18 C:/PROYETO/web/proyectoWEB/frontLaravel/vendor/laravel/framework/src/Illuminate/Routing/Router.php(821): Illuminate/Pipeline/Pipeline->then(Object(Closure))
#19 C:/PROYETO/web/proyectoWEB/frontLaravel/vendor/laravel/framework/src/Illuminate/Routing/Router.php(800): Illuminate/Routing/Router->runRouteWithinStack(Object(Illuminate/Routing/Route), Object(Illuminate/Http/Request))
#20 C:/PROYETO/web/proyectoWEB/frontLaravel/vendor/laravel/framework/src/Illuminate/Routing/Router.php(764): Illuminate/Routing/Router->runRoute(Object(Illuminate/Http/Request), Object(Illuminate/Routing/Route))
#21 C:/PROYETO/web/proyectoWEB/frontLaravel/vendor/laravel/framework/src/Illuminate/Routing/Router.php(753): Illuminate/Routing/Router->dispatchToRoute(Object(Illuminate/Http/Request))
#22 C:/PROYETO/web/proyectoWEB/frontLaravel/vendor/laravel/framework/src/Illuminate/Foundation/Http/Kernel.php(200): Illuminate/Routing/Router->dispatch(Object(Illuminate/Http/Request))
#23 C:/PROYETO/web/proyectoWEB/frontLaravel/vendor/laravel/framework/src/Illuminate/Pipeline/Pipeline.php(180): Illuminate/Foundation/Http/Kernel->{closure:Illuminate/Foundation/Http/Kernel::dispatchToRouter():197}(Object(Illuminate/Http/Request))
#24 C:/PROYETO/web/proyectoWEB/frontLaravel/vendor/livewire/livewire/src/Features/SupportDisablingBackButtonCache/DisableBackButtonCacheMiddleware.php(19): Illuminate/Pipeline/Pipeline->{closure:Illuminate/Pipeline/Pipeline::prepareDestination():178}(Object(Illuminate/Http/Request))
#25 C:/PROYETO/web/proyectoWEB/frontLaravel/vendor/laravel/framework/src/Illuminate/Pipeline/Pipeline.php(219): Livewire/Features/SupportDisablingBackButtonCache/DisableBackButtonCacheMiddleware->handle(Object(Illuminate/Http/Request), Object(Closure))
#26 C:/PROYETO/web/proyectoWEB/frontLaravel/vendor/laravel/framework/src/Illuminate/Foundation/Http/Middleware/TransformsRequest.php(21): Illuminate/Pipeline/Pipeline->{closure:{closure:Illuminate/Pipeline/Pipeline::carry():194}:195}(Object(Illuminate/Http/Request))
#27 C:/PROYETO/web/proyectoWEB/frontLaravel/vendor/laravel/framework/src/Illuminate/Foundation/Http/Middleware/ConvertEmptyStringsToNull.php(31): Illuminate/Foundation/Http/Middleware/TransformsRequest->handle(Object(Illuminate/Http/Request), Object(Closure))
#28 C:/PROYETO/web/proyectoWEB/frontLaravel/vendor/laravel/framework/src/Illuminate/Pipeline/Pipeline.php(219): Illuminate/Foundation/Http/Middleware/ConvertEmptyStringsToNull->handle(Object(Illuminate/Http/Request), Object(Closure))
#29 C:/PROYETO/web/proyectoWEB/frontLaravel/vendor/laravel/framework/src/Illuminate/Foundation/Http/Middleware/TransformsRequest.php(21): Illuminate/Pipeline/Pipeline->{closure:{closure:Illuminate/Pipeline/Pipeline::carry():194}:195}(Object(Illuminate/Http/Request))
#30 C:/PROYETO/web/proyectoWEB/frontLaravel/vendor/laravel/framework/src/Illuminate/Foundation/Http/Middleware/TrimStrings.php(51): Illuminate/Foundation/Http/Middleware/TransformsRequest->handle(Object(Illuminate/Http/Request), Object(Closure))
#31 C:/PROYETO/web/proyectoWEB/frontLaravel/vendor/laravel/framework/src/Illuminate/Pipeline/Pipeline.php(219): Illuminate/Foundation/Http/Middleware/TrimStrings->handle(Object(Illuminate/Http/Request), Object(Closure))
#32 C:/PROYETO/web/proyectoWEB/frontLaravel/vendor/laravel/framework/src/Illuminate/Http/Middleware/ValidatePostSize.php(27): Illuminate/Pipeline/Pipeline->{closure:{closure:Illuminate/Pipeline/Pipeline::carry():194}:195}(Object(Illuminate/Http/Request))
#33 C:/PROYETO/web/proyectoWEB/frontLaravel/vendor/laravel/framework/src/Illuminate/Pipeline/Pipeline.php(219): Illuminate/Http/Middleware/ValidatePostSize->handle(Object(Illuminate/Http/Request), Object(Closure))
#34 C:/PROYETO/web/proyectoWEB/frontLaravel/vendor/laravel/framework/src/Illuminate/Foundation/Http/Middleware/PreventRequestsDuringMaintenance.php(109): Illuminate/Pipeline/Pipeline->{closure:{closure:Illuminate/Pipeline/Pipeline::carry():194}:195}(Object(Illuminate/Http/Request))
#35 C:/PROYETO/web/proyectoWEB/frontLaravel/vendor/laravel/framework/src/Illuminate/Pipeline/Pipeline.php(219): Illuminate/Foundation/Http/Middleware/PreventRequestsDuringMaintenance->handle(Object(Illuminate/Http/Request), Object(Closure))
#36 C:/PROYETO/web/proyectoWEB/frontLaravel/vendor/laravel/framework/src/Illuminate/Http/Middleware/HandleCors.php(61): Illuminate/Pipeline/Pipeline->{closure:{closure:Illuminate/Pipeline/Pipeline::carry():194}:195}(Object(Illuminate/Http/Request))
#37 C:/PROYETO/web/proyectoWEB/frontLaravel/vendor/laravel/framework/src/Illuminate/Pipeline/Pipeline.php(219): Illuminate/Http/Middleware/HandleCors->handle(Object(Illuminate/Http/Request), Object(Closure))
#38 C:/PROYETO/web/proyectoWEB/frontLaravel/vendor/laravel/framework/src/Illuminate/Http/Middleware/TrustProxies.php(58): Illuminate/Pipeline/Pipeline->{closure:{closure:Illuminate/Pipeline/Pipeline::carry():194}:195}(Object(Illuminate/Http/Request))
#39 C:/PROYETO/web/proyectoWEB/frontLaravel/vendor/laravel/framework/src/Illuminate/Pipeline/Pipeline.php(219): Illuminate/Http/Middleware/TrustProxies->handle(Object(Illuminate/Http/Request), Object(Closure))
#40 C:/PROYETO/web/proyectoWEB/frontLaravel/vendor/laravel/framework/src/Illuminate/Foundation/Http/Middleware/InvokeDeferredCallbacks.php(22): Illuminate/Pipeline/Pipeline->{closure:{closure:Illuminate/Pipeline/Pipeline::carry():194}:195}(Object(Illuminate/Http/Request))
#41 C:/PROYETO/web/proyectoWEB/frontLaravel/vendor/laravel/framework/src/Illuminate/Pipeline/Pipeline.php(219): Illuminate/Foundation/Http/Middleware/InvokeDeferredCallbacks->handle(Object(Illuminate/Http/Request), Object(Closure))
#42 C:/PROYETO/web/proyectoWEB/frontLaravel/vendor/laravel/framework/src/Illuminate/Http/Middleware/ValidatePathEncoding.php(28): Illuminate/Pipeline/Pipeline->{closure:{closure:Illuminate/Pipeline/Pipeline::carry():194}:195}(Object(Illuminate/Http/Request))
#43 C:/PROYETO/web/proyectoWEB/frontLaravel/vendor/laravel/framework/src/Illuminate/Pipeline/Pipeline.php(219): Illuminate/Http/Middleware/ValidatePathEncoding->handle(Object(Illuminate/Http/Request), Object(Closure))
#44 C:/PROYETO/web/proyectoWEB/frontLaravel/vendor/laravel/framework/src/Illuminate/Pipeline/Pipeline.php(137): Illuminate/Pipeline/Pipeline->{closure:{closure:Illuminate/Pipeline/Pipeline::carry():194}:195}(Object(Illuminate/Http/Request))
#45 C:/PROYETO/web/proyectoWEB/frontLaravel/vendor/laravel/framework/src/Illuminate/Foundation/Http/Kernel.php(175): Illuminate/Pipeline/Pipeline->then(Object(Closure))
#46 C:/PROYETO/web/proyectoWEB/frontLaravel/vendor/laravel/framework/src/Illuminate/Foundation/Http/Kernel.php(144): Illuminate/Foundation/Http/Kernel->sendRequestThroughRouter(Object(Illuminate/Http/Request))
#47 C:/PROYETO/web/proyectoWEB/frontLaravel/vendor/laravel/framework/src/Illuminate/Foundation/Application.php(1220): Illuminate/Foundation/Http/Kernel->handle(Object(Illuminate/Http/Request))
#48 C:/PROYETO/web/proyectoWEB/frontLaravel/public/index.php(20): Illuminate/Foundation/Application->handleRequest(Object(Illuminate/Http/Request))
#49 C:/PROYETO/web/proyectoWEB/frontLaravel/vendor/laravel/framework/src/Illuminate/Foundation/resources/server.php(23): require_once('C://PROYETO//web//...')
#50 {main}
"} 
[2026-04-11 17:39:39] production.ERROR: No application encryption key has been specified. {"exception":"[object] (Illuminate\\Encryption\\MissingAppKeyException(code: 0): No application encryption key has been specified. at C:/PROYETO/web/proyectoWEB/frontLaravel/vendor/laravel/framework/src/Illuminate/Encryption/EncryptionServiceProvider.php:83)
[stacktrace]
#0 C:/PROYETO/web/proyectoWEB/frontLaravel/vendor/laravel/framework/src/Illuminate/Support/helpers.php(393): Illuminate/Encryption/EncryptionServiceProvider->{closure:Illuminate/Encryption/EncryptionServiceProvider::key():81}(NULL)
#1 C:/PROYETO/web/proyectoWEB/frontLaravel/vendor/laravel/framework/src/Illuminate/Encryption/EncryptionServiceProvider.php(81): tap(NULL, Object(Closure))
#2 C:/PROYETO/web/proyectoWEB/frontLaravel/vendor/laravel/framework/src/Illuminate/Encryption/EncryptionServiceProvider.php(64): Illuminate/Encryption/EncryptionServiceProvider->key(Array)
#3 C:/PROYETO/web/proyectoWEB/frontLaravel/vendor/laravel/framework/src/Illuminate/Encryption/EncryptionServiceProvider.php(32): Illuminate/Encryption/EncryptionServiceProvider->parseKey(Array)
#4 C:/PROYETO/web/proyectoWEB/frontLaravel/vendor/laravel/framework/src/Illuminate/Container/Container.php(1118): Illuminate/Encryption/EncryptionServiceProvider->{closure:Illuminate/Encryption/EncryptionServiceProvider::registerEncrypter():29}(Object(Illuminate/Foundation/Application), Array)
#5 C:/PROYETO/web/proyectoWEB/frontLaravel/vendor/laravel/framework/src/Illuminate/Container/Container.php(936): Illuminate/Container/Container->build(Object(Closure))
#6 C:/PROYETO/web/proyectoWEB/frontLaravel/vendor/laravel/framework/src/Illuminate/Foundation/Application.php(1078): Illuminate/Container/Container->resolve('encrypter', Array, true)
#7 C:/PROYETO/web/proyectoWEB/frontLaravel/vendor/laravel/framework/src/Illuminate/Container/Container.php(864): Illuminate/Foundation/Application->resolve('encrypter', Array)
#8 C:/PROYETO/web/proyectoWEB/frontLaravel/vendor/laravel/framework/src/Illuminate/Foundation/Application.php(1058): Illuminate/Container/Container->make('encrypter', Array)
#9 C:/PROYETO/web/proyectoWEB/frontLaravel/vendor/laravel/framework/src/Illuminate/Container/Container.php(1339): Illuminate/Foundation/Application->make('encrypter')
#10 C:/PROYETO/web/proyectoWEB/frontLaravel/vendor/laravel/framework/src/Illuminate/Container/Container.php(1240): Illuminate/Container/Container->resolveClass(Object(ReflectionParameter), 'Illuminate//Cont...')
#11 C:/PROYETO/web/proyectoWEB/frontLaravel/vendor/laravel/framework/src/Illuminate/Container/Container.php(1165): Illuminate/Container/Container->resolveDependencies(Array)
#12 C:/PROYETO/web/proyectoWEB/frontLaravel/vendor/laravel/framework/src/Illuminate/Container/Container.php(936): Illuminate/Container/Container->build('Illuminate//Cook...')
#13 C:/PROYETO/web/proyectoWEB/frontLaravel/vendor/laravel/framework/src/Illuminate/Foundation/Application.php(1078): Illuminate/Container/Container->resolve('Illuminate//Cook...', Array, true)
#14 C:/PROYETO/web/proyectoWEB/frontLaravel/vendor/laravel/framework/src/Illuminate/Container/Container.php(864): Illuminate/Foundation/Application->resolve('Illuminate//Cook...', Array)
#15 C:/PROYETO/web/proyectoWEB/frontLaravel/vendor/laravel/framework/src/Illuminate/Foundation/Application.php(1058): Illuminate/Container/Container->make('Illuminate//Cook...', Array)
#16 C:/PROYETO/web/proyectoWEB/frontLaravel/vendor/laravel/framework/src/Illuminate/Foundation/Http/Kernel.php(257): Illuminate/Foundation/Application->make('Illuminate//Cook...')
#17 C:/PROYETO/web/proyectoWEB/frontLaravel/vendor/laravel/framework/src/Illuminate/Foundation/Http/Kernel.php(215): Illuminate/Foundation/Http/Kernel->terminateMiddleware(Object(Illuminate/Http/Request), Object(Illuminate/Http/Response))
#18 C:/PROYETO/web/proyectoWEB/frontLaravel/vendor/laravel/framework/src/Illuminate/Foundation/Application.php(1222): Illuminate/Foundation/Http/Kernel->terminate(Object(Illuminate/Http/Request), Object(Illuminate/Http/Response))
#19 C:/PROYETO/web/proyectoWEB/frontLaravel/public/index.php(20): Illuminate/Foundation/Application->handleRequest(Object(Illuminate/Http/Request))
#20 C:/PROYETO/web/proyectoWEB/frontLaravel/vendor/laravel/framework/src/Illuminate/Foundation/resources/server.php(23): require_once('C://PROYETO//web//...')
#21 {main}
"} 
[2026-04-11 17:39:39] production.ERROR: Uncaught ErrorException: Cannot modify header information - headers already sent by (output started at C:\PROYETO\web\proyectoWEB\frontLaravel\vendor\symfony\http-foundation\Response.php:387) in C:\PROYETO\web\proyectoWEB\frontLaravel\vendor\symfony\http-foundation\Response.php:322
Stack trace:
#0 C:\PROYETO\web\proyectoWEB\frontLaravel\vendor\laravel\framework\src\Illuminate\Foundation\Bootstrap\HandleExceptions.php(258): Illuminate\Foundation\Bootstrap\HandleExceptions->handleError(2, 'Cannot modify h...', 'C:\\PROYETO\\web\\...', 322)
#1 [internal function]: Illuminate\Foundation\Bootstrap\HandleExceptions->{closure:Illuminate\Foundation\Bootstrap\HandleExceptions::forwardsTo():257}(2, 'Cannot modify h...', 'C:\\PROYETO\\web\\...', 322)
#2 C:\PROYETO\web\proyectoWEB\frontLaravel\vendor\symfony\http-foundation\Response.php(322): header('HTTP/1.1 500 In...', true, 500)
#3 C:\PROYETO\web\proyectoWEB\frontLaravel\vendor\symfony\http-foundation\Response.php(401): Symfony\Component\HttpFoundation\Response->sendHeaders()
#4 C:\PROYETO\web\proyectoWEB\frontLaravel\vendor\laravel\framework\src\Illuminate\Foundation\Bootstrap\HandleExceptions.php(221): Symfony\Component\HttpFoundation\Response->send()
#5 C:\PROYETO\web\proyectoWEB\frontLaravel\vendor\laravel\framework\src\Illuminate\Foundation\Bootstrap\HandleExceptions.php(198): Illuminate\Foundation\Bootstrap\HandleExceptions->renderHttpResponse(Object(Illuminate\Encryption\MissingAppKeyException))
#6 C:\PROYETO\web\proyectoWEB\frontLaravel\vendor\laravel\framework\src\Illuminate\Foundation\Bootstrap\HandleExceptions.php(258): Illuminate\Foundation\Bootstrap\HandleExceptions->handleException(Object(Illuminate\Encryption\MissingAppKeyException))
#7 [internal function]: Illuminate\Foundation\Bootstrap\HandleExceptions->{closure:Illuminate\Foundation\Bootstrap\HandleExceptions::forwardsTo():257}(Object(Illuminate\Encryption\MissingAppKeyException))
#8 {main}
  thrown {"exception":"[object] (Symfony\\Component\\ErrorHandler\\Error\\FatalError(code: 0): Uncaught ErrorException: Cannot modify header information - headers already sent by (output started at C:\\PROYETO\\web\\proyectoWEB\\frontLaravel\\vendor\\symfony\\http-foundation\\Response.php:387) in C:\\PROYETO\\web\\proyectoWEB\\frontLaravel\\vendor\\symfony\\http-foundation\\Response.php:322
Stack trace:
#0 C:\\PROYETO\\web\\proyectoWEB\\frontLaravel\\vendor\\laravel\\framework\\src\\Illuminate\\Foundation\\Bootstrap\\HandleExceptions.php(258): Illuminate\\Foundation\\Bootstrap\\HandleExceptions->handleError(2, 'Cannot modify h...', 'C:\\\\PROYETO\\\\web\\\\...', 322)
#1 [internal function]: Illuminate\\Foundation\\Bootstrap\\HandleExceptions->{closure:Illuminate\\Foundation\\Bootstrap\\HandleExceptions::forwardsTo():257}(2, 'Cannot modify h...', 'C:\\\\PROYETO\\\\web\\\\...', 322)
#2 C:\\PROYETO\\web\\proyectoWEB\\frontLaravel\\vendor\\symfony\\http-foundation\\Response.php(322): header('HTTP/1.1 500 In...', true, 500)
#3 C:\\PROYETO\\web\\proyectoWEB\\frontLaravel\\vendor\\symfony\\http-foundation\\Response.php(401): Symfony\\Component\\HttpFoundation\\Response->sendHeaders()
#4 C:\\PROYETO\\web\\proyectoWEB\\frontLaravel\\vendor\\laravel\\framework\\src\\Illuminate\\Foundation\\Bootstrap\\HandleExceptions.php(221): Symfony\\Component\\HttpFoundation\\Response->send()
#5 C:\\PROYETO\\web\\proyectoWEB\\frontLaravel\\vendor\\laravel\\framework\\src\\Illuminate\\Foundation\\Bootstrap\\HandleExceptions.php(198): Illuminate\\Foundation\\Bootstrap\\HandleExceptions->renderHttpResponse(Object(Illuminate\\Encryption\\MissingAppKeyException))
#6 C:\\PROYETO\\web\\proyectoWEB\\frontLaravel\\vendor\\laravel\\framework\\src\\Illuminate\\Foundation\\Bootstrap\\HandleExceptions.php(258): Illuminate\\Foundation\\Bootstrap\\HandleExceptions->handleException(Object(Illuminate\\Encryption\\MissingAppKeyException))
#7 [internal function]: Illuminate\\Foundation\\Bootstrap\\HandleExceptions->{closure:Illuminate\\Foundation\\Bootstrap\\HandleExceptions::forwardsTo():257}(Object(Illuminate\\Encryption\\MissingAppKeyException))
#8 {main}
  thrown at C:/PROYETO/web/proyectoWEB/frontLaravel/vendor/symfony/http-foundation/Response.php:322)
[stacktrace]
#0 {main}
"} 
[2026-04-11 17:51:21] local.ERROR: Vite manifest not found at: C:\PROYETO\web\proyectoWEB\frontLaravel\public\build/manifest.json (View: C:\PROYETO\web\proyectoWEB\frontLaravel\resources\views\app.blade.php) {"exception":"[object] (Illuminate\\View\\ViewException(code: 0): Vite manifest not found at: C:\\PROYETO\\web\\proyectoWEB\\frontLaravel\\public\\build/manifest.json (View: C:\\PROYETO\\web\\proyectoWEB\\frontLaravel\\resources\\views\\app.blade.php) at C:/PROYETO/web/proyectoWEB/frontLaravel/vendor/laravel/framework/src/Illuminate/Foundation/Vite.php:946)
[stacktrace]
#0 C:/PROYETO/web/proyectoWEB/frontLaravel/vendor/livewire/livewire/src/Mechanisms/ExtendBlade/ExtendedCompilerEngine.php(58): Illuminate/View/Engines/CompilerEngine->handleViewException(Object(Illuminate/Foundation/ViteManifestNotFoundException), 1)
#1 C:/PROYETO/web/proyectoWEB/frontLaravel/vendor/laravel/framework/src/Illuminate/View/Engines/PhpEngine.php(59): Livewire/Mechanisms/ExtendBlade/ExtendedCompilerEngine->handleViewException(Object(Illuminate/Foundation/ViteManifestNotFoundException), 1)
#2 C:/PROYETO/web/proyectoWEB/frontLaravel/vendor/livewire/livewire/src/Mechanisms/ExtendBlade/ExtendedCompilerEngine.php(22): Illuminate/View/Engines/PhpEngine->evaluatePath('C://PROYETO//web//...', Array)
#3 C:/PROYETO/web/proyectoWEB/frontLaravel/vendor/laravel/framework/src/Illuminate/View/Engines/CompilerEngine.php(76): Livewire/Mechanisms/ExtendBlade/ExtendedCompilerEngine->evaluatePath('C://PROYETO//web//...', Array)
#4 C:/PROYETO/web/proyectoWEB/frontLaravel/vendor/livewire/livewire/src/Mechanisms/ExtendBlade/ExtendedCompilerEngine.php(10): Illuminate/View/Engines/CompilerEngine->get('C://PROYETO//web//...', Array)
#5 C:/PROYETO/web/proyectoWEB/frontLaravel/vendor/laravel/framework/src/Illuminate/View/View.php(208): Livewire/Mechanisms/ExtendBlade/ExtendedCompilerEngine->get('C://PROYETO//web//...', Array)
#6 C:/PROYETO/web/proyectoWEB/frontLaravel/vendor/laravel/framework/src/Illuminate/View/View.php(191): Illuminate/View/View->getContents()
#7 C:/PROYETO/web/proyectoWEB/frontLaravel/vendor/laravel/framework/src/Illuminate/View/View.php(160): Illuminate/View/View->renderContents()
#8 C:/PROYETO/web/proyectoWEB/frontLaravel/vendor/laravel/framework/src/Illuminate/Http/Response.php(78): Illuminate/View/View->render()
#9 C:/PROYETO/web/proyectoWEB/frontLaravel/vendor/laravel/framework/src/Illuminate/Http/Response.php(34): Illuminate/Http/Response->setContent(Object(Illuminate/View/View))
#10 C:/PROYETO/web/proyectoWEB/frontLaravel/vendor/laravel/framework/src/Illuminate/Routing/ResponseFactory.php(61): Illuminate/Http/Response->__construct(Object(Illuminate/View/View), 200, Array)
#11 C:/PROYETO/web/proyectoWEB/frontLaravel/vendor/laravel/framework/src/Illuminate/Routing/ResponseFactory.php(91): Illuminate/Routing/ResponseFactory->make(Object(Illuminate/View/View), 200, Array)
#12 C:/PROYETO/web/proyectoWEB/frontLaravel/vendor/laravel/framework/src/Illuminate/Support/Facades/Facade.php(363): Illuminate/Routing/ResponseFactory->view('app', Array)
#13 C:/PROYETO/web/proyectoWEB/frontLaravel/vendor/inertiajs/inertia-laravel/src/Response.php(211): Illuminate/Support/Facades/Facade::__callStatic('view', Array)
#14 C:/PROYETO/web/proyectoWEB/frontLaravel/vendor/laravel/framework/src/Illuminate/Routing/Router.php(921): Inertia/Response->toResponse(Object(Illuminate/Http/Request))
#15 C:/PROYETO/web/proyectoWEB/frontLaravel/vendor/laravel/framework/src/Illuminate/Routing/Router.php(906): Illuminate/Routing/Router::toResponse(Object(Illuminate/Http/Request), Object(Inertia/Response))
#16 C:/PROYETO/web/proyectoWEB/frontLaravel/vendor/laravel/framework/src/Illuminate/Routing/Router.php(821): Illuminate/Routing/Router->prepareResponse(Object(Illuminate/Http/Request), Object(Inertia/Response))
#17 C:/PROYETO/web/proyectoWEB/frontLaravel/vendor/laravel/framework/src/Illuminate/Pipeline/Pipeline.php(180): Illuminate/Routing/Router->{closure:Illuminate/Routing/Router::runRouteWithinStack():821}(Object(Illuminate/Http/Request))
#18 C:/PROYETO/web/proyectoWEB/frontLaravel/vendor/inertiajs/inertia-laravel/src/Middleware.php(138): Illuminate/Pipeline/Pipeline->{closure:Illuminate/Pipeline/Pipeline::prepareDestination():178}(Object(Illuminate/Http/Request))
#19 C:/PROYETO/web/proyectoWEB/frontLaravel/vendor/laravel/framework/src/Illuminate/Pipeline/Pipeline.php(219): Inertia/Middleware->handle(Object(Illuminate/Http/Request), Object(Closure))
#20 C:/PROYETO/web/proyectoWEB/frontLaravel/vendor/laravel/framework/src/Illuminate/Routing/Middleware/SubstituteBindings.php(52): Illuminate/Pipeline/Pipeline->{closure:{closure:Illuminate/Pipeline/Pipeline::carry():194}:195}(Object(Illuminate/Http/Request))
#21 C:/PROYETO/web/proyectoWEB/frontLaravel/vendor/laravel/framework/src/Illuminate/Pipeline/Pipeline.php(219): Illuminate/Routing/Middleware/SubstituteBindings->handle(Object(Illuminate/Http/Request), Object(Closure))
#22 C:/PROYETO/web/proyectoWEB/frontLaravel/vendor/laravel/framework/src/Illuminate/Foundation/Http/Middleware/PreventRequestForgery.php(104): Illuminate/Pipeline/Pipeline->{closure:{closure:Illuminate/Pipeline/Pipeline::carry():194}:195}(Object(Illuminate/Http/Request))
#23 C:/PROYETO/web/proyectoWEB/frontLaravel/vendor/laravel/framework/src/Illuminate/Pipeline/Pipeline.php(219): Illuminate/Foundation/Http/Middleware/PreventRequestForgery->handle(Object(Illuminate/Http/Request), Object(Closure))
#24 C:/PROYETO/web/proyectoWEB/frontLaravel/vendor/laravel/framework/src/Illuminate/View/Middleware/ShareErrorsFromSession.php(48): Illuminate/Pipeline/Pipeline->{closure:{closure:Illuminate/Pipeline/Pipeline::carry():194}:195}(Object(Illuminate/Http/Request))
#25 C:/PROYETO/web/proyectoWEB/frontLaravel/vendor/laravel/framework/src/Illuminate/Pipeline/Pipeline.php(219): Illuminate/View/Middleware/ShareErrorsFromSession->handle(Object(Illuminate/Http/Request), Object(Closure))
#26 C:/PROYETO/web/proyectoWEB/frontLaravel/vendor/laravel/framework/src/Illuminate/Session/Middleware/StartSession.php(120): Illuminate/Pipeline/Pipeline->{closure:{closure:Illuminate/Pipeline/Pipeline::carry():194}:195}(Object(Illuminate/Http/Request))
#27 C:/PROYETO/web/proyectoWEB/frontLaravel/vendor/laravel/framework/src/Illuminate/Session/Middleware/StartSession.php(63): Illuminate/Session/Middleware/StartSession->handleStatefulRequest(Object(Illuminate/Http/Request), Object(Illuminate/Session/Store), Object(Closure))
#28 C:/PROYETO/web/proyectoWEB/frontLaravel/vendor/laravel/framework/src/Illuminate/Pipeline/Pipeline.php(219): Illuminate/Session/Middleware/StartSession->handle(Object(Illuminate/Http/Request), Object(Closure))
#29 C:/PROYETO/web/proyectoWEB/frontLaravel/vendor/laravel/framework/src/Illuminate/Cookie/Middleware/AddQueuedCookiesToResponse.php(36): Illuminate/Pipeline/Pipeline->{closure:{closure:Illuminate/Pipeline/Pipeline::carry():194}:195}(Object(Illuminate/Http/Request))
#30 C:/PROYETO/web/proyectoWEB/frontLaravel/vendor/laravel/framework/src/Illuminate/Pipeline/Pipeline.php(219): Illuminate/Cookie/Middleware/AddQueuedCookiesToResponse->handle(Object(Illuminate/Http/Request), Object(Closure))
#31 C:/PROYETO/web/proyectoWEB/frontLaravel/vendor/laravel/framework/src/Illuminate/Cookie/Middleware/EncryptCookies.php(74): Illuminate/Pipeline/Pipeline->{closure:{closure:Illuminate/Pipeline/Pipeline::carry():194}:195}(Object(Illuminate/Http/Request))
#32 C:/PROYETO/web/proyectoWEB/frontLaravel/vendor/laravel/framework/src/Illuminate/Pipeline/Pipeline.php(219): Illuminate/Cookie/Middleware/EncryptCookies->handle(Object(Illuminate/Http/Request), Object(Closure))
#33 C:/PROYETO/web/proyectoWEB/frontLaravel/vendor/laravel/framework/src/Illuminate/Pipeline/Pipeline.php(137): Illuminate/Pipeline/Pipeline->{closure:{closure:Illuminate/Pipeline/Pipeline::carry():194}:195}(Object(Illuminate/Http/Request))
#34 C:/PROYETO/web/proyectoWEB/frontLaravel/vendor/laravel/framework/src/Illuminate/Routing/Router.php(821): Illuminate/Pipeline/Pipeline->then(Object(Closure))
#35 C:/PROYETO/web/proyectoWEB/frontLaravel/vendor/laravel/framework/src/Illuminate/Routing/Router.php(800): Illuminate/Routing/Router->runRouteWithinStack(Object(Illuminate/Routing/Route), Object(Illuminate/Http/Request))
#36 C:/PROYETO/web/proyectoWEB/frontLaravel/vendor/laravel/framework/src/Illuminate/Routing/Router.php(764): Illuminate/Routing/Router->runRoute(Object(Illuminate/Http/Request), Object(Illuminate/Routing/Route))
#37 C:/PROYETO/web/proyectoWEB/frontLaravel/vendor/laravel/framework/src/Illuminate/Routing/Router.php(753): Illuminate/Routing/Router->dispatchToRoute(Object(Illuminate/Http/Request))
#38 C:/PROYETO/web/proyectoWEB/frontLaravel/vendor/laravel/framework/src/Illuminate/Foundation/Http/Kernel.php(200): Illuminate/Routing/Router->dispatch(Object(Illuminate/Http/Request))
#39 C:/PROYETO/web/proyectoWEB/frontLaravel/vendor/laravel/framework/src/Illuminate/Pipeline/Pipeline.php(180): Illuminate/Foundation/Http/Kernel->{closure:Illuminate/Foundation/Http/Kernel::dispatchToRouter():197}(Object(Illuminate/Http/Request))
#40 C:/PROYETO/web/proyectoWEB/frontLaravel/vendor/livewire/livewire/src/Features/SupportDisablingBackButtonCache/DisableBackButtonCacheMiddleware.php(19): Illuminate/Pipeline/Pipeline->{closure:Illuminate/Pipeline/Pipeline::prepareDestination():178}(Object(Illuminate/Http/Request))
#41 C:/PROYETO/web/proyectoWEB/frontLaravel/vendor/laravel/framework/src/Illuminate/Pipeline/Pipeline.php(219): Livewire/Features/SupportDisablingBackButtonCache/DisableBackButtonCacheMiddleware->handle(Object(Illuminate/Http/Request), Object(Closure))
#42 C:/PROYETO/web/proyectoWEB/frontLaravel/vendor/laravel/framework/src/Illuminate/Foundation/Http/Middleware/TransformsRequest.php(21): Illuminate/Pipeline/Pipeline->{closure:{closure:Illuminate/Pipeline/Pipeline::carry():194}:195}(Object(Illuminate/Http/Request))
#43 C:/PROYETO/web/proyectoWEB/frontLaravel/vendor/laravel/framework/src/Illuminate/Foundation/Http/Middleware/ConvertEmptyStringsToNull.php(31): Illuminate/Foundation/Http/Middleware/TransformsRequest->handle(Object(Illuminate/Http/Request), Object(Closure))
#44 C:/PROYETO/web/proyectoWEB/frontLaravel/vendor/laravel/framework/src/Illuminate/Pipeline/Pipeline.php(219): Illuminate/Foundation/Http/Middleware/ConvertEmptyStringsToNull->handle(Object(Illuminate/Http/Request), Object(Closure))
#45 C:/PROYETO/web/proyectoWEB/frontLaravel/vendor/laravel/framework/src/Illuminate/Foundation/Http/Middleware/TransformsRequest.php(21): Illuminate/Pipeline/Pipeline->{closure:{closure:Illuminate/Pipeline/Pipeline::carry():194}:195}(Object(Illuminate/Http/Request))
#46 C:/PROYETO/web/proyectoWEB/frontLaravel/vendor/laravel/framework/src/Illuminate/Foundation/Http/Middleware/TrimStrings.php(51): Illuminate/Foundation/Http/Middleware/TransformsRequest->handle(Object(Illuminate/Http/Request), Object(Closure))
#47 C:/PROYETO/web/proyectoWEB/frontLaravel/vendor/laravel/framework/src/Illuminate/Pipeline/Pipeline.php(219): Illuminate/Foundation/Http/Middleware/TrimStrings->handle(Object(Illuminate/Http/Request), Object(Closure))
#48 C:/PROYETO/web/proyectoWEB/frontLaravel/vendor/laravel/framework/src/Illuminate/Http/Middleware/ValidatePostSize.php(27): Illuminate/Pipeline/Pipeline->{closure:{closure:Illuminate/Pipeline/Pipeline::carry():194}:195}(Object(Illuminate/Http/Request))
#49 C:/PROYETO/web/proyectoWEB/frontLaravel/vendor/laravel/framework/src/Illuminate/Pipeline/Pipeline.php(219): Illuminate/Http/Middleware/ValidatePostSize->handle(Object(Illuminate/Http/Request), Object(Closure))
#50 C:/PROYETO/web/proyectoWEB/frontLaravel/vendor/laravel/framework/src/Illuminate/Foundation/Http/Middleware/PreventRequestsDuringMaintenance.php(109): Illuminate/Pipeline/Pipeline->{closure:{closure:Illuminate/Pipeline/Pipeline::carry():194}:195}(Object(Illuminate/Http/Request))
#51 C:/PROYETO/web/proyectoWEB/frontLaravel/vendor/laravel/framework/src/Illuminate/Pipeline/Pipeline.php(219): Illuminate/Foundation/Http/Middleware/PreventRequestsDuringMaintenance->handle(Object(Illuminate/Http/Request), Object(Closure))
#52 C:/PROYETO/web/proyectoWEB/frontLaravel/vendor/laravel/framework/src/Illuminate/Http/Middleware/HandleCors.php(61): Illuminate/Pipeline/Pipeline->{closure:{closure:Illuminate/Pipeline/Pipeline::carry():194}:195}(Object(Illuminate/Http/Request))
#53 C:/PROYETO/web/proyectoWEB/frontLaravel/vendor/laravel/framework/src/Illuminate/Pipeline/Pipeline.php(219): Illuminate/Http/Middleware/HandleCors->handle(Object(Illuminate/Http/Request), Object(Closure))
#54 C:/PROYETO/web/proyectoWEB/frontLaravel/vendor/laravel/framework/src/Illuminate/Http/Middleware/TrustProxies.php(58): Illuminate/Pipeline/Pipeline->{closure:{closure:Illuminate/Pipeline/Pipeline::carry():194}:195}(Object(Illuminate/Http/Request))
#55 C:/PROYETO/web/proyectoWEB/frontLaravel/vendor/laravel/framework/src/Illuminate/Pipeline/Pipeline.php(219): Illuminate/Http/Middleware/TrustProxies->handle(Object(Illuminate/Http/Request), Object(Closure))
#56 C:/PROYETO/web/proyectoWEB/frontLaravel/vendor/laravel/framework/src/Illuminate/Foundation/Http/Middleware/InvokeDeferredCallbacks.php(22): Illuminate/Pipeline/Pipeline->{closure:{closure:Illuminate/Pipeline/Pipeline::carry():194}:195}(Object(Illuminate/Http/Request))
#57 C:/PROYETO/web/proyectoWEB/frontLaravel/vendor/laravel/framework/src/Illuminate/Pipeline/Pipeline.php(219): Illuminate/Foundation/Http/Middleware/InvokeDeferredCallbacks->handle(Object(Illuminate/Http/Request), Object(Closure))
#58 C:/PROYETO/web/proyectoWEB/frontLaravel/vendor/laravel/framework/src/Illuminate/Http/Middleware/ValidatePathEncoding.php(28): Illuminate/Pipeline/Pipeline->{closure:{closure:Illuminate/Pipeline/Pipeline::carry():194}:195}(Object(Illuminate/Http/Request))
#59 C:/PROYETO/web/proyectoWEB/frontLaravel/vendor/laravel/framework/src/Illuminate/Pipeline/Pipeline.php(219): Illuminate/Http/Middleware/ValidatePathEncoding->handle(Object(Illuminate/Http/Request), Object(Closure))
#60 C:/PROYETO/web/proyectoWEB/frontLaravel/vendor/laravel/framework/src/Illuminate/Pipeline/Pipeline.php(137): Illuminate/Pipeline/Pipeline->{closure:{closure:Illuminate/Pipeline/Pipeline::carry():194}:195}(Object(Illuminate/Http/Request))
#61 C:/PROYETO/web/proyectoWEB/frontLaravel/vendor/laravel/framework/src/Illuminate/Foundation/Http/Kernel.php(175): Illuminate/Pipeline/Pipeline->then(Object(Closure))
#62 C:/PROYETO/web/proyectoWEB/frontLaravel/vendor/laravel/framework/src/Illuminate/Foundation/Http/Kernel.php(144): Illuminate/Foundation/Http/Kernel->sendRequestThroughRouter(Object(Illuminate/Http/Request))
#63 C:/PROYETO/web/proyectoWEB/frontLaravel/vendor/laravel/framework/src/Illuminate/Foundation/Application.php(1220): Illuminate/Foundation/Http/Kernel->handle(Object(Illuminate/Http/Request))
#64 C:/PROYETO/web/proyectoWEB/frontLaravel/public/index.php(20): Illuminate/Foundation/Application->handleRequest(Object(Illuminate/Http/Request))
#65 C:/PROYETO/web/proyectoWEB/frontLaravel/vendor/laravel/framework/src/Illuminate/Foundation/resources/server.php(23): require_once('C://PROYETO//web//...')
#66 {main}

[previous exception] [object] (Illuminate\\Foundation\\ViteManifestNotFoundException(code: 0): Vite manifest not found at: C:\\PROYETO\\web\\proyectoWEB\\frontLaravel\\public\\build/manifest.json at C:/PROYETO/web/proyectoWEB/frontLaravel/vendor/laravel/framework/src/Illuminate/Foundation/Vite.php:946)
[stacktrace]
#0 C:/PROYETO/web/proyectoWEB/frontLaravel/vendor/laravel/framework/src/Illuminate/Foundation/Vite.php(384): Illuminate/Foundation/Vite->manifest('build')
#1 C:/PROYETO/web/proyectoWEB/frontLaravel/storage/framework/views/b8cf98c191fcc6ea5463db8c3bf6e432.php(13): Illuminate/Foundation/Vite->__invoke(Object(Illuminate/Support/Collection))
#2 C:/PROYETO/web/proyectoWEB/frontLaravel/vendor/laravel/framework/src/Illuminate/Filesystem/Filesystem.php(123): require('C://PROYETO//web//...')
#3 C:/PROYETO/web/proyectoWEB/frontLaravel/vendor/laravel/framework/src/Illuminate/Filesystem/Filesystem.php(124): Illuminate/Filesystem/Filesystem::{closure:Illuminate/Filesystem/Filesystem::getRequire():120}()
#4 C:/PROYETO/web/proyectoWEB/frontLaravel/vendor/laravel/framework/src/Illuminate/View/Engines/PhpEngine.php(57): Illuminate/Filesystem/Filesystem->getRequire('C://PROYETO//web//...', Array)
#5 C:/PROYETO/web/proyectoWEB/frontLaravel/vendor/livewire/livewire/src/Mechanisms/ExtendBlade/ExtendedCompilerEngine.php(22): Illuminate/View/Engines/PhpEngine->evaluatePath('C://PROYETO//web//...', Array)
#6 C:/PROYETO/web/proyectoWEB/frontLaravel/vendor/laravel/framework/src/Illuminate/View/Engines/CompilerEngine.php(76): Livewire/Mechanisms/ExtendBlade/ExtendedCompilerEngine->evaluatePath('C://PROYETO//web//...', Array)
#7 C:/PROYETO/web/proyectoWEB/frontLaravel/vendor/livewire/livewire/src/Mechanisms/ExtendBlade/ExtendedCompilerEngine.php(10): Illuminate/View/Engines/CompilerEngine->get('C://PROYETO//web//...', Array)
#8 C:/PROYETO/web/proyectoWEB/frontLaravel/vendor/laravel/framework/src/Illuminate/View/View.php(208): Livewire/Mechanisms/ExtendBlade/ExtendedCompilerEngine->get('C://PROYETO//web//...', Array)
#9 C:/PROYETO/web/proyectoWEB/frontLaravel/vendor/laravel/framework/src/Illuminate/View/View.php(191): Illuminate/View/View->getContents()
#10 C:/PROYETO/web/proyectoWEB/frontLaravel/vendor/laravel/framework/src/Illuminate/View/View.php(160): Illuminate/View/View->renderContents()
#11 C:/PROYETO/web/proyectoWEB/frontLaravel/vendor/laravel/framework/src/Illuminate/Http/Response.php(78): Illuminate/View/View->render()
#12 C:/PROYETO/web/proyectoWEB/frontLaravel/vendor/laravel/framework/src/Illuminate/Http/Response.php(34): Illuminate/Http/Response->setContent(Object(Illuminate/View/View))
#13 C:/PROYETO/web/proyectoWEB/frontLaravel/vendor/laravel/framework/src/Illuminate/Routing/ResponseFactory.php(61): Illuminate/Http/Response->__construct(Object(Illuminate/View/View), 200, Array)
#14 C:/PROYETO/web/proyectoWEB/frontLaravel/vendor/laravel/framework/src/Illuminate/Routing/ResponseFactory.php(91): Illuminate/Routing/ResponseFactory->make(Object(Illuminate/View/View), 200, Array)
#15 C:/PROYETO/web/proyectoWEB/frontLaravel/vendor/laravel/framework/src/Illuminate/Support/Facades/Facade.php(363): Illuminate/Routing/ResponseFactory->view('app', Array)
#16 C:/PROYETO/web/proyectoWEB/frontLaravel/vendor/inertiajs/inertia-laravel/src/Response.php(211): Illuminate/Support/Facades/Facade::__callStatic('view', Array)
#17 C:/PROYETO/web/proyectoWEB/frontLaravel/vendor/laravel/framework/src/Illuminate/Routing/Router.php(921): Inertia/Response->toResponse(Object(Illuminate/Http/Request))
#18 C:/PROYETO/web/proyectoWEB/frontLaravel/vendor/laravel/framework/src/Illuminate/Routing/Router.php(906): Illuminate/Routing/Router::toResponse(Object(Illuminate/Http/Request), Object(Inertia/Response))
#19 C:/PROYETO/web/proyectoWEB/frontLaravel/vendor/laravel/framework/src/Illuminate/Routing/Router.php(821): Illuminate/Routing/Router->prepareResponse(Object(Illuminate/Http/Request), Object(Inertia/Response))
#20 C:/PROYETO/web/proyectoWEB/frontLaravel/vendor/laravel/framework/src/Illuminate/Pipeline/Pipeline.php(180): Illuminate/Routing/Router->{closure:Illuminate/Routing/Router::runRouteWithinStack():821}(Object(Illuminate/Http/Request))
#21 C:/PROYETO/web/proyectoWEB/frontLaravel/vendor/inertiajs/inertia-laravel/src/Middleware.php(138): Illuminate/Pipeline/Pipeline->{closure:Illuminate/Pipeline/Pipeline::prepareDestination():178}(Object(Illuminate/Http/Request))
#22 C:/PROYETO/web/proyectoWEB/frontLaravel/vendor/laravel/framework/src/Illuminate/Pipeline/Pipeline.php(219): Inertia/Middleware->handle(Object(Illuminate/Http/Request), Object(Closure))
#23 C:/PROYETO/web/proyectoWEB/frontLaravel/vendor/laravel/framework/src/Illuminate/Routing/Middleware/SubstituteBindings.php(52): Illuminate/Pipeline/Pipeline->{closure:{closure:Illuminate/Pipeline/Pipeline::carry():194}:195}(Object(Illuminate/Http/Request))
#24 C:/PROYETO/web/proyectoWEB/frontLaravel/vendor/laravel/framework/src/Illuminate/Pipeline/Pipeline.php(219): Illuminate/Routing/Middleware/SubstituteBindings->handle(Object(Illuminate/Http/Request), Object(Closure))
#25 C:/PROYETO/web/proyectoWEB/frontLaravel/vendor/laravel/framework/src/Illuminate/Foundation/Http/Middleware/PreventRequestForgery.php(104): Illuminate/Pipeline/Pipeline->{closure:{closure:Illuminate/Pipeline/Pipeline::carry():194}:195}(Object(Illuminate/Http/Request))
#26 C:/PROYETO/web/proyectoWEB/frontLaravel/vendor/laravel/framework/src/Illuminate/Pipeline/Pipeline.php(219): Illuminate/Foundation/Http/Middleware/PreventRequestForgery->handle(Object(Illuminate/Http/Request), Object(Closure))
#27 C:/PROYETO/web/proyectoWEB/frontLaravel/vendor/laravel/framework/src/Illuminate/View/Middleware/ShareErrorsFromSession.php(48): Illuminate/Pipeline/Pipeline->{closure:{closure:Illuminate/Pipeline/Pipeline::carry():194}:195}(Object(Illuminate/Http/Request))
#28 C:/PROYETO/web/proyectoWEB/frontLaravel/vendor/laravel/framework/src/Illuminate/Pipeline/Pipeline.php(219): Illuminate/View/Middleware/ShareErrorsFromSession->handle(Object(Illuminate/Http/Request), Object(Closure))
#29 C:/PROYETO/web/proyectoWEB/frontLaravel/vendor/laravel/framework/src/Illuminate/Session/Middleware/StartSession.php(120): Illuminate/Pipeline/Pipeline->{closure:{closure:Illuminate/Pipeline/Pipeline::carry():194}:195}(Object(Illuminate/Http/Request))
#30 C:/PROYETO/web/proyectoWEB/frontLaravel/vendor/laravel/framework/src/Illuminate/Session/Middleware/StartSession.php(63): Illuminate/Session/Middleware/StartSession->handleStatefulRequest(Object(Illuminate/Http/Request), Object(Illuminate/Session/Store), Object(Closure))
#31 C:/PROYETO/web/proyectoWEB/frontLaravel/vendor/laravel/framework/src/Illuminate/Pipeline/Pipeline.php(219): Illuminate/Session/Middleware/StartSession->handle(Object(Illuminate/Http/Request), Object(Closure))
#32 C:/PROYETO/web/proyectoWEB/frontLaravel/vendor/laravel/framework/src/Illuminate/Cookie/Middleware/AddQueuedCookiesToResponse.php(36): Illuminate/Pipeline/Pipeline->{closure:{closure:Illuminate/Pipeline/Pipeline::carry():194}:195}(Object(Illuminate/Http/Request))
#33 C:/PROYETO/web/proyectoWEB/frontLaravel/vendor/laravel/framework/src/Illuminate/Pipeline/Pipeline.php(219): Illuminate/Cookie/Middleware/AddQueuedCookiesToResponse->handle(Object(Illuminate/Http/Request), Object(Closure))
#34 C:/PROYETO/web/proyectoWEB/frontLaravel/vendor/laravel/framework/src/Illuminate/Cookie/Middleware/EncryptCookies.php(74): Illuminate/Pipeline/Pipeline->{closure:{closure:Illuminate/Pipeline/Pipeline::carry():194}:195}(Object(Illuminate/Http/Request))
#35 C:/PROYETO/web/proyectoWEB/frontLaravel/vendor/laravel/framework/src/Illuminate/Pipeline/Pipeline.php(219): Illuminate/Cookie/Middleware/EncryptCookies->handle(Object(Illuminate/Http/Request), Object(Closure))
#36 C:/PROYETO/web/proyectoWEB/frontLaravel/vendor/laravel/framework/src/Illuminate/Pipeline/Pipeline.php(137): Illuminate/Pipeline/Pipeline->{closure:{closure:Illuminate/Pipeline/Pipeline::carry():194}:195}(Object(Illuminate/Http/Request))
#37 C:/PROYETO/web/proyectoWEB/frontLaravel/vendor/laravel/framework/src/Illuminate/Routing/Router.php(821): Illuminate/Pipeline/Pipeline->then(Object(Closure))
#38 C:/PROYETO/web/proyectoWEB/frontLaravel/vendor/laravel/framework/src/Illuminate/Routing/Router.php(800): Illuminate/Routing/Router->runRouteWithinStack(Object(Illuminate/Routing/Route), Object(Illuminate/Http/Request))
#39 C:/PROYETO/web/proyectoWEB/frontLaravel/vendor/laravel/framework/src/Illuminate/Routing/Router.php(764): Illuminate/Routing/Router->runRoute(Object(Illuminate/Http/Request), Object(Illuminate/Routing/Route))
#40 C:/PROYETO/web/proyectoWEB/frontLaravel/vendor/laravel/framework/src/Illuminate/Routing/Router.php(753): Illuminate/Routing/Router->dispatchToRoute(Object(Illuminate/Http/Request))
#41 C:/PROYETO/web/proyectoWEB/frontLaravel/vendor/laravel/framework/src/Illuminate/Foundation/Http/Kernel.php(200): Illuminate/Routing/Router->dispatch(Object(Illuminate/Http/Request))
#42 C:/PROYETO/web/proyectoWEB/frontLaravel/vendor/laravel/framework/src/Illuminate/Pipeline/Pipeline.php(180): Illuminate/Foundation/Http/Kernel->{closure:Illuminate/Foundation/Http/Kernel::dispatchToRouter():197}(Object(Illuminate/Http/Request))
#43 C:/PROYETO/web/proyectoWEB/frontLaravel/vendor/livewire/livewire/src/Features/SupportDisablingBackButtonCache/DisableBackButtonCacheMiddleware.php(19): Illuminate/Pipeline/Pipeline->{closure:Illuminate/Pipeline/Pipeline::prepareDestination():178}(Object(Illuminate/Http/Request))
#44 C:/PROYETO/web/proyectoWEB/frontLaravel/vendor/laravel/framework/src/Illuminate/Pipeline/Pipeline.php(219): Livewire/Features/SupportDisablingBackButtonCache/DisableBackButtonCacheMiddleware->handle(Object(Illuminate/Http/Request), Object(Closure))
#45 C:/PROYETO/web/proyectoWEB/frontLaravel/vendor/laravel/framework/src/Illuminate/Foundation/Http/Middleware/TransformsRequest.php(21): Illuminate/Pipeline/Pipeline->{closure:{closure:Illuminate/Pipeline/Pipeline::carry():194}:195}(Object(Illuminate/Http/Request))
#46 C:/PROYETO/web/proyectoWEB/frontLaravel/vendor/laravel/framework/src/Illuminate/Foundation/Http/Middleware/ConvertEmptyStringsToNull.php(31): Illuminate/Foundation/Http/Middleware/TransformsRequest->handle(Object(Illuminate/Http/Request), Object(Closure))
#47 C:/PROYETO/web/proyectoWEB/frontLaravel/vendor/laravel/framework/src/Illuminate/Pipeline/Pipeline.php(219): Illuminate/Foundation/Http/Middleware/ConvertEmptyStringsToNull->handle(Object(Illuminate/Http/Request), Object(Closure))
#48 C:/PROYETO/web/proyectoWEB/frontLaravel/vendor/laravel/framework/src/Illuminate/Foundation/Http/Middleware/TransformsRequest.php(21): Illuminate/Pipeline/Pipeline->{closure:{closure:Illuminate/Pipeline/Pipeline::carry():194}:195}(Object(Illuminate/Http/Request))
#49 C:/PROYETO/web/proyectoWEB/frontLaravel/vendor/laravel/framework/src/Illuminate/Foundation/Http/Middleware/TrimStrings.php(51): Illuminate/Foundation/Http/Middleware/TransformsRequest->handle(Object(Illuminate/Http/Request), Object(Closure))
#50 C:/PROYETO/web/proyectoWEB/frontLaravel/vendor/laravel/framework/src/Illuminate/Pipeline/Pipeline.php(219): Illuminate/Foundation/Http/Middleware/TrimStrings->handle(Object(Illuminate/Http/Request), Object(Closure))
#51 C:/PROYETO/web/proyectoWEB/frontLaravel/vendor/laravel/framework/src/Illuminate/Http/Middleware/ValidatePostSize.php(27): Illuminate/Pipeline/Pipeline->{closure:{closure:Illuminate/Pipeline/Pipeline::carry():194}:195}(Object(Illuminate/Http/Request))
#52 C:/PROYETO/web/proyectoWEB/frontLaravel/vendor/laravel/framework/src/Illuminate/Pipeline/Pipeline.php(219): Illuminate/Http/Middleware/ValidatePostSize->handle(Object(Illuminate/Http/Request), Object(Closure))
#53 C:/PROYETO/web/proyectoWEB/frontLaravel/vendor/laravel/framework/src/Illuminate/Foundation/Http/Middleware/PreventRequestsDuringMaintenance.php(109): Illuminate/Pipeline/Pipeline->{closure:{closure:Illuminate/Pipeline/Pipeline::carry():194}:195}(Object(Illuminate/Http/Request))
#54 C:/PROYETO/web/proyectoWEB/frontLaravel/vendor/laravel/framework/src/Illuminate/Pipeline/Pipeline.php(219): Illuminate/Foundation/Http/Middleware/PreventRequestsDuringMaintenance->handle(Object(Illuminate/Http/Request), Object(Closure))
#55 C:/PROYETO/web/proyectoWEB/frontLaravel/vendor/laravel/framework/src/Illuminate/Http/Middleware/HandleCors.php(61): Illuminate/Pipeline/Pipeline->{closure:{closure:Illuminate/Pipeline/Pipeline::carry():194}:195}(Object(Illuminate/Http/Request))
#56 C:/PROYETO/web/proyectoWEB/frontLaravel/vendor/laravel/framework/src/Illuminate/Pipeline/Pipeline.php(219): Illuminate/Http/Middleware/HandleCors->handle(Object(Illuminate/Http/Request), Object(Closure))
#57 C:/PROYETO/web/proyectoWEB/frontLaravel/vendor/laravel/framework/src/Illuminate/Http/Middleware/TrustProxies.php(58): Illuminate/Pipeline/Pipeline->{closure:{closure:Illuminate/Pipeline/Pipeline::carry():194}:195}(Object(Illuminate/Http/Request))
#58 C:/PROYETO/web/proyectoWEB/frontLaravel/vendor/laravel/framework/src/Illuminate/Pipeline/Pipeline.php(219): Illuminate/Http/Middleware/TrustProxies->handle(Object(Illuminate/Http/Request), Object(Closure))
#59 C:/PROYETO/web/proyectoWEB/frontLaravel/vendor/laravel/framework/src/Illuminate/Foundation/Http/Middleware/InvokeDeferredCallbacks.php(22): Illuminate/Pipeline/Pipeline->{closure:{closure:Illuminate/Pipeline/Pipeline::carry():194}:195}(Object(Illuminate/Http/Request))
#60 C:/PROYETO/web/proyectoWEB/frontLaravel/vendor/laravel/framework/src/Illuminate/Pipeline/Pipeline.php(219): Illuminate/Foundation/Http/Middleware/InvokeDeferredCallbacks->handle(Object(Illuminate/Http/Request), Object(Closure))
#61 C:/PROYETO/web/proyectoWEB/frontLaravel/vendor/laravel/framework/src/Illuminate/Http/Middleware/ValidatePathEncoding.php(28): Illuminate/Pipeline/Pipeline->{closure:{closure:Illuminate/Pipeline/Pipeline::carry():194}:195}(Object(Illuminate/Http/Request))
#62 C:/PROYETO/web/proyectoWEB/frontLaravel/vendor/laravel/framework/src/Illuminate/Pipeline/Pipeline.php(219): Illuminate/Http/Middleware/ValidatePathEncoding->handle(Object(Illuminate/Http/Request), Object(Closure))
#63 C:/PROYETO/web/proyectoWEB/frontLaravel/vendor/laravel/framework/src/Illuminate/Pipeline/Pipeline.php(137): Illuminate/Pipeline/Pipeline->{closure:{closure:Illuminate/Pipeline/Pipeline::carry():194}:195}(Object(Illuminate/Http/Request))
#64 C:/PROYETO/web/proyectoWEB/frontLaravel/vendor/laravel/framework/src/Illuminate/Foundation/Http/Kernel.php(175): Illuminate/Pipeline/Pipeline->then(Object(Closure))
#65 C:/PROYETO/web/proyectoWEB/frontLaravel/vendor/laravel/framework/src/Illuminate/Foundation/Http/Kernel.php(144): Illuminate/Foundation/Http/Kernel->sendRequestThroughRouter(Object(Illuminate/Http/Request))
#66 C:/PROYETO/web/proyectoWEB/frontLaravel/vendor/laravel/framework/src/Illuminate/Foundation/Application.php(1220): Illuminate/Foundation/Http/Kernel->handle(Object(Illuminate/Http/Request))
#67 C:/PROYETO/web/proyectoWEB/frontLaravel/public/index.php(20): Illuminate/Foundation/Application->handleRequest(Object(Illuminate/Http/Request))
#68 C:/PROYETO/web/proyectoWEB/frontLaravel/vendor/laravel/framework/src/Illuminate/Foundation/resources/server.php(23): require_once('C://PROYETO//web//...')
#69 {main}
"} 
[2026-04-11 17:51:28] local.ERROR: Vite manifest not found at: C:\PROYETO\web\proyectoWEB\frontLaravel\public\build/manifest.json (View: C:\PROYETO\web\proyectoWEB\frontLaravel\resources\views\app.blade.php) {"exception":"[object] (Illuminate\\View\\ViewException(code: 0): Vite manifest not found at: C:\\PROYETO\\web\\proyectoWEB\\frontLaravel\\public\\build/manifest.json (View: C:\\PROYETO\\web\\proyectoWEB\\frontLaravel\\resources\\views\\app.blade.php) at C:/PROYETO/web/proyectoWEB/frontLaravel/vendor/laravel/framework/src/Illuminate/Foundation/Vite.php:946)
[stacktrace]
#0 C:/PROYETO/web/proyectoWEB/frontLaravel/vendor/livewire/livewire/src/Mechanisms/ExtendBlade/ExtendedCompilerEngine.php(58): Illuminate/View/Engines/CompilerEngine->handleViewException(Object(Illuminate/Foundation/ViteManifestNotFoundException), 1)
#1 C:/PROYETO/web/proyectoWEB/frontLaravel/vendor/laravel/framework/src/Illuminate/View/Engines/PhpEngine.php(59): Livewire/Mechanisms/ExtendBlade/ExtendedCompilerEngine->handleViewException(Object(Illuminate/Foundation/ViteManifestNotFoundException), 1)
#2 C:/PROYETO/web/proyectoWEB/frontLaravel/vendor/livewire/livewire/src/Mechanisms/ExtendBlade/ExtendedCompilerEngine.php(22): Illuminate/View/Engines/PhpEngine->evaluatePath('C://PROYETO//web//...', Array)
#3 C:/PROYETO/web/proyectoWEB/frontLaravel/vendor/laravel/framework/src/Illuminate/View/Engines/CompilerEngine.php(76): Livewire/Mechanisms/ExtendBlade/ExtendedCompilerEngine->evaluatePath('C://PROYETO//web//...', Array)
#4 C:/PROYETO/web/proyectoWEB/frontLaravel/vendor/livewire/livewire/src/Mechanisms/ExtendBlade/ExtendedCompilerEngine.php(10): Illuminate/View/Engines/CompilerEngine->get('C://PROYETO//web//...', Array)
#5 C:/PROYETO/web/proyectoWEB/frontLaravel/vendor/laravel/framework/src/Illuminate/View/View.php(208): Livewire/Mechanisms/ExtendBlade/ExtendedCompilerEngine->get('C://PROYETO//web//...', Array)
#6 C:/PROYETO/web/proyectoWEB/frontLaravel/vendor/laravel/framework/src/Illuminate/View/View.php(191): Illuminate/View/View->getContents()
#7 C:/PROYETO/web/proyectoWEB/frontLaravel/vendor/laravel/framework/src/Illuminate/View/View.php(160): Illuminate/View/View->renderContents()
#8 C:/PROYETO/web/proyectoWEB/frontLaravel/vendor/laravel/framework/src/Illuminate/Http/Response.php(78): Illuminate/View/View->render()
#9 C:/PROYETO/web/proyectoWEB/frontLaravel/vendor/laravel/framework/src/Illuminate/Http/Response.php(34): Illuminate/Http/Response->setContent(Object(Illuminate/View/View))
#10 C:/PROYETO/web/proyectoWEB/frontLaravel/vendor/laravel/framework/src/Illuminate/Routing/ResponseFactory.php(61): Illuminate/Http/Response->__construct(Object(Illuminate/View/View), 200, Array)
#11 C:/PROYETO/web/proyectoWEB/frontLaravel/vendor/laravel/framework/src/Illuminate/Routing/ResponseFactory.php(91): Illuminate/Routing/ResponseFactory->make(Object(Illuminate/View/View), 200, Array)
#12 C:/PROYETO/web/proyectoWEB/frontLaravel/vendor/laravel/framework/src/Illuminate/Support/Facades/Facade.php(363): Illuminate/Routing/ResponseFactory->view('app', Array)
#13 C:/PROYETO/web/proyectoWEB/frontLaravel/vendor/inertiajs/inertia-laravel/src/Response.php(211): Illuminate/Support/Facades/Facade::__callStatic('view', Array)
#14 C:/PROYETO/web/proyectoWEB/frontLaravel/vendor/laravel/framework/src/Illuminate/Routing/Router.php(921): Inertia/Response->toResponse(Object(Illuminate/Http/Request))
#15 C:/PROYETO/web/proyectoWEB/frontLaravel/vendor/laravel/framework/src/Illuminate/Routing/Router.php(906): Illuminate/Routing/Router::toResponse(Object(Illuminate/Http/Request), Object(Inertia/Response))
#16 C:/PROYETO/web/proyectoWEB/frontLaravel/vendor/laravel/framework/src/Illuminate/Routing/Router.php(821): Illuminate/Routing/Router->prepareResponse(Object(Illuminate/Http/Request), Object(Inertia/Response))
#17 C:/PROYETO/web/proyectoWEB/frontLaravel/vendor/laravel/framework/src/Illuminate/Pipeline/Pipeline.php(180): Illuminate/Routing/Router->{closure:Illuminate/Routing/Router::runRouteWithinStack():821}(Object(Illuminate/Http/Request))
#18 C:/PROYETO/web/proyectoWEB/frontLaravel/vendor/inertiajs/inertia-laravel/src/Middleware.php(138): Illuminate/Pipeline/Pipeline->{closure:Illuminate/Pipeline/Pipeline::prepareDestination():178}(Object(Illuminate/Http/Request))
#19 C:/PROYETO/web/proyectoWEB/frontLaravel/vendor/laravel/framework/src/Illuminate/Pipeline/Pipeline.php(219): Inertia/Middleware->handle(Object(Illuminate/Http/Request), Object(Closure))
#20 C:/PROYETO/web/proyectoWEB/frontLaravel/vendor/laravel/framework/src/Illuminate/Routing/Middleware/SubstituteBindings.php(52): Illuminate/Pipeline/Pipeline->{closure:{closure:Illuminate/Pipeline/Pipeline::carry():194}:195}(Object(Illuminate/Http/Request))
#21 C:/PROYETO/web/proyectoWEB/frontLaravel/vendor/laravel/framework/src/Illuminate/Pipeline/Pipeline.php(219): Illuminate/Routing/Middleware/SubstituteBindings->handle(Object(Illuminate/Http/Request), Object(Closure))
#22 C:/PROYETO/web/proyectoWEB/frontLaravel/vendor/laravel/framework/src/Illuminate/Foundation/Http/Middleware/PreventRequestForgery.php(104): Illuminate/Pipeline/Pipeline->{closure:{closure:Illuminate/Pipeline/Pipeline::carry():194}:195}(Object(Illuminate/Http/Request))
#23 C:/PROYETO/web/proyectoWEB/frontLaravel/vendor/laravel/framework/src/Illuminate/Pipeline/Pipeline.php(219): Illuminate/Foundation/Http/Middleware/PreventRequestForgery->handle(Object(Illuminate/Http/Request), Object(Closure))
#24 C:/PROYETO/web/proyectoWEB/frontLaravel/vendor/laravel/framework/src/Illuminate/View/Middleware/ShareErrorsFromSession.php(48): Illuminate/Pipeline/Pipeline->{closure:{closure:Illuminate/Pipeline/Pipeline::carry():194}:195}(Object(Illuminate/Http/Request))
#25 C:/PROYETO/web/proyectoWEB/frontLaravel/vendor/laravel/framework/src/Illuminate/Pipeline/Pipeline.php(219): Illuminate/View/Middleware/ShareErrorsFromSession->handle(Object(Illuminate/Http/Request), Object(Closure))
#26 C:/PROYETO/web/proyectoWEB/frontLaravel/vendor/laravel/framework/src/Illuminate/Session/Middleware/StartSession.php(120): Illuminate/Pipeline/Pipeline->{closure:{closure:Illuminate/Pipeline/Pipeline::carry():194}:195}(Object(Illuminate/Http/Request))
#27 C:/PROYETO/web/proyectoWEB/frontLaravel/vendor/laravel/framework/src/Illuminate/Session/Middleware/StartSession.php(63): Illuminate/Session/Middleware/StartSession->handleStatefulRequest(Object(Illuminate/Http/Request), Object(Illuminate/Session/Store), Object(Closure))
#28 C:/PROYETO/web/proyectoWEB/frontLaravel/vendor/laravel/framework/src/Illuminate/Pipeline/Pipeline.php(219): Illuminate/Session/Middleware/StartSession->handle(Object(Illuminate/Http/Request), Object(Closure))
#29 C:/PROYETO/web/proyectoWEB/frontLaravel/vendor/laravel/framework/src/Illuminate/Cookie/Middleware/AddQueuedCookiesToResponse.php(36): Illuminate/Pipeline/Pipeline->{closure:{closure:Illuminate/Pipeline/Pipeline::carry():194}:195}(Object(Illuminate/Http/Request))
#30 C:/PROYETO/web/proyectoWEB/frontLaravel/vendor/laravel/framework/src/Illuminate/Pipeline/Pipeline.php(219): Illuminate/Cookie/Middleware/AddQueuedCookiesToResponse->handle(Object(Illuminate/Http/Request), Object(Closure))
#31 C:/PROYETO/web/proyectoWEB/frontLaravel/vendor/laravel/framework/src/Illuminate/Cookie/Middleware/EncryptCookies.php(74): Illuminate/Pipeline/Pipeline->{closure:{closure:Illuminate/Pipeline/Pipeline::carry():194}:195}(Object(Illuminate/Http/Request))
#32 C:/PROYETO/web/proyectoWEB/frontLaravel/vendor/laravel/framework/src/Illuminate/Pipeline/Pipeline.php(219): Illuminate/Cookie/Middleware/EncryptCookies->handle(Object(Illuminate/Http/Request), Object(Closure))
#33 C:/PROYETO/web/proyectoWEB/frontLaravel/vendor/laravel/framework/src/Illuminate/Pipeline/Pipeline.php(137): Illuminate/Pipeline/Pipeline->{closure:{closure:Illuminate/Pipeline/Pipeline::carry():194}:195}(Object(Illuminate/Http/Request))
#34 C:/PROYETO/web/proyectoWEB/frontLaravel/vendor/laravel/framework/src/Illuminate/Routing/Router.php(821): Illuminate/Pipeline/Pipeline->then(Object(Closure))
#35 C:/PROYETO/web/proyectoWEB/frontLaravel/vendor/laravel/framework/src/Illuminate/Routing/Router.php(800): Illuminate/Routing/Router->runRouteWithinStack(Object(Illuminate/Routing/Route), Object(Illuminate/Http/Request))
#36 C:/PROYETO/web/proyectoWEB/frontLaravel/vendor/laravel/framework/src/Illuminate/Routing/Router.php(764): Illuminate/Routing/Router->runRoute(Object(Illuminate/Http/Request), Object(Illuminate/Routing/Route))
#37 C:/PROYETO/web/proyectoWEB/frontLaravel/vendor/laravel/framework/src/Illuminate/Routing/Router.php(753): Illuminate/Routing/Router->dispatchToRoute(Object(Illuminate/Http/Request))
#38 C:/PROYETO/web/proyectoWEB/frontLaravel/vendor/laravel/framework/src/Illuminate/Foundation/Http/Kernel.php(200): Illuminate/Routing/Router->dispatch(Object(Illuminate/Http/Request))
#39 C:/PROYETO/web/proyectoWEB/frontLaravel/vendor/laravel/framework/src/Illuminate/Pipeline/Pipeline.php(180): Illuminate/Foundation/Http/Kernel->{closure:Illuminate/Foundation/Http/Kernel::dispatchToRouter():197}(Object(Illuminate/Http/Request))
#40 C:/PROYETO/web/proyectoWEB/frontLaravel/vendor/livewire/livewire/src/Features/SupportDisablingBackButtonCache/DisableBackButtonCacheMiddleware.php(19): Illuminate/Pipeline/Pipeline->{closure:Illuminate/Pipeline/Pipeline::prepareDestination():178}(Object(Illuminate/Http/Request))
#41 C:/PROYETO/web/proyectoWEB/frontLaravel/vendor/laravel/framework/src/Illuminate/Pipeline/Pipeline.php(219): Livewire/Features/SupportDisablingBackButtonCache/DisableBackButtonCacheMiddleware->handle(Object(Illuminate/Http/Request), Object(Closure))
#42 C:/PROYETO/web/proyectoWEB/frontLaravel/vendor/laravel/framework/src/Illuminate/Foundation/Http/Middleware/TransformsRequest.php(21): Illuminate/Pipeline/Pipeline->{closure:{closure:Illuminate/Pipeline/Pipeline::carry():194}:195}(Object(Illuminate/Http/Request))
#43 C:/PROYETO/web/proyectoWEB/frontLaravel/vendor/laravel/framework/src/Illuminate/Foundation/Http/Middleware/ConvertEmptyStringsToNull.php(31): Illuminate/Foundation/Http/Middleware/TransformsRequest->handle(Object(Illuminate/Http/Request), Object(Closure))
#44 C:/PROYETO/web/proyectoWEB/frontLaravel/vendor/laravel/framework/src/Illuminate/Pipeline/Pipeline.php(219): Illuminate/Foundation/Http/Middleware/ConvertEmptyStringsToNull->handle(Object(Illuminate/Http/Request), Object(Closure))
#45 C:/PROYETO/web/proyectoWEB/frontLaravel/vendor/laravel/framework/src/Illuminate/Foundation/Http/Middleware/TransformsRequest.php(21): Illuminate/Pipeline/Pipeline->{closure:{closure:Illuminate/Pipeline/Pipeline::carry():194}:195}(Object(Illuminate/Http/Request))
#46 C:/PROYETO/web/proyectoWEB/frontLaravel/vendor/laravel/framework/src/Illuminate/Foundation/Http/Middleware/TrimStrings.php(51): Illuminate/Foundation/Http/Middleware/TransformsRequest->handle(Object(Illuminate/Http/Request), Object(Closure))
#47 C:/PROYETO/web/proyectoWEB/frontLaravel/vendor/laravel/framework/src/Illuminate/Pipeline/Pipeline.php(219): Illuminate/Foundation/Http/Middleware/TrimStrings->handle(Object(Illuminate/Http/Request), Object(Closure))
#48 C:/PROYETO/web/proyectoWEB/frontLaravel/vendor/laravel/framework/src/Illuminate/Http/Middleware/ValidatePostSize.php(27): Illuminate/Pipeline/Pipeline->{closure:{closure:Illuminate/Pipeline/Pipeline::carry():194}:195}(Object(Illuminate/Http/Request))
#49 C:/PROYETO/web/proyectoWEB/frontLaravel/vendor/laravel/framework/src/Illuminate/Pipeline/Pipeline.php(219): Illuminate/Http/Middleware/ValidatePostSize->handle(Object(Illuminate/Http/Request), Object(Closure))
#50 C:/PROYETO/web/proyectoWEB/frontLaravel/vendor/laravel/framework/src/Illuminate/Foundation/Http/Middleware/PreventRequestsDuringMaintenance.php(109): Illuminate/Pipeline/Pipeline->{closure:{closure:Illuminate/Pipeline/Pipeline::carry():194}:195}(Object(Illuminate/Http/Request))
#51 C:/PROYETO/web/proyectoWEB/frontLaravel/vendor/laravel/framework/src/Illuminate/Pipeline/Pipeline.php(219): Illuminate/Foundation/Http/Middleware/PreventRequestsDuringMaintenance->handle(Object(Illuminate/Http/Request), Object(Closure))
#52 C:/PROYETO/web/proyectoWEB/frontLaravel/vendor/laravel/framework/src/Illuminate/Http/Middleware/HandleCors.php(61): Illuminate/Pipeline/Pipeline->{closure:{closure:Illuminate/Pipeline/Pipeline::carry():194}:195}(Object(Illuminate/Http/Request))
#53 C:/PROYETO/web/proyectoWEB/frontLaravel/vendor/laravel/framework/src/Illuminate/Pipeline/Pipeline.php(219): Illuminate/Http/Middleware/HandleCors->handle(Object(Illuminate/Http/Request), Object(Closure))
#54 C:/PROYETO/web/proyectoWEB/frontLaravel/vendor/laravel/framework/src/Illuminate/Http/Middleware/TrustProxies.php(58): Illuminate/Pipeline/Pipeline->{closure:{closure:Illuminate/Pipeline/Pipeline::carry():194}:195}(Object(Illuminate/Http/Request))
#55 C:/PROYETO/web/proyectoWEB/frontLaravel/vendor/laravel/framework/src/Illuminate/Pipeline/Pipeline.php(219): Illuminate/Http/Middleware/TrustProxies->handle(Object(Illuminate/Http/Request), Object(Closure))
#56 C:/PROYETO/web/proyectoWEB/frontLaravel/vendor/laravel/framework/src/Illuminate/Foundation/Http/Middleware/InvokeDeferredCallbacks.php(22): Illuminate/Pipeline/Pipeline->{closure:{closure:Illuminate/Pipeline/Pipeline::carry():194}:195}(Object(Illuminate/Http/Request))
#57 C:/PROYETO/web/proyectoWEB/frontLaravel/vendor/laravel/framework/src/Illuminate/Pipeline/Pipeline.php(219): Illuminate/Foundation/Http/Middleware/InvokeDeferredCallbacks->handle(Object(Illuminate/Http/Request), Object(Closure))
#58 C:/PROYETO/web/proyectoWEB/frontLaravel/vendor/laravel/framework/src/Illuminate/Http/Middleware/ValidatePathEncoding.php(28): Illuminate/Pipeline/Pipeline->{closure:{closure:Illuminate/Pipeline/Pipeline::carry():194}:195}(Object(Illuminate/Http/Request))
#59 C:/PROYETO/web/proyectoWEB/frontLaravel/vendor/laravel/framework/src/Illuminate/Pipeline/Pipeline.php(219): Illuminate/Http/Middleware/ValidatePathEncoding->handle(Object(Illuminate/Http/Request), Object(Closure))
#60 C:/PROYETO/web/proyectoWEB/frontLaravel/vendor/laravel/framework/src/Illuminate/Pipeline/Pipeline.php(137): Illuminate/Pipeline/Pipeline->{closure:{closure:Illuminate/Pipeline/Pipeline::carry():194}:195}(Object(Illuminate/Http/Request))
#61 C:/PROYETO/web/proyectoWEB/frontLaravel/vendor/laravel/framework/src/Illuminate/Foundation/Http/Kernel.php(175): Illuminate/Pipeline/Pipeline->then(Object(Closure))
#62 C:/PROYETO/web/proyectoWEB/frontLaravel/vendor/laravel/framework/src/Illuminate/Foundation/Http/Kernel.php(144): Illuminate/Foundation/Http/Kernel->sendRequestThroughRouter(Object(Illuminate/Http/Request))
#63 C:/PROYETO/web/proyectoWEB/frontLaravel/vendor/laravel/framework/src/Illuminate/Foundation/Application.php(1220): Illuminate/Foundation/Http/Kernel->handle(Object(Illuminate/Http/Request))
#64 C:/PROYETO/web/proyectoWEB/frontLaravel/public/index.php(20): Illuminate/Foundation/Application->handleRequest(Object(Illuminate/Http/Request))
#65 C:/PROYETO/web/proyectoWEB/frontLaravel/vendor/laravel/framework/src/Illuminate/Foundation/resources/server.php(23): require_once('C://PROYETO//web//...')
#66 {main}

[previous exception] [object] (Illuminate\\Foundation\\ViteManifestNotFoundException(code: 0): Vite manifest not found at: C:\\PROYETO\\web\\proyectoWEB\\frontLaravel\\public\\build/manifest.json at C:/PROYETO/web/proyectoWEB/frontLaravel/vendor/laravel/framework/src/Illuminate/Foundation/Vite.php:946)
[stacktrace]
#0 C:/PROYETO/web/proyectoWEB/frontLaravel/vendor/laravel/framework/src/Illuminate/Foundation/Vite.php(384): Illuminate/Foundation/Vite->manifest('build')
#1 C:/PROYETO/web/proyectoWEB/frontLaravel/storage/framework/views/b8cf98c191fcc6ea5463db8c3bf6e432.php(13): Illuminate/Foundation/Vite->__invoke(Object(Illuminate/Support/Collection))
#2 C:/PROYETO/web/proyectoWEB/frontLaravel/vendor/laravel/framework/src/Illuminate/Filesystem/Filesystem.php(123): require('C://PROYETO//web//...')
#3 C:/PROYETO/web/proyectoWEB/frontLaravel/vendor/laravel/framework/src/Illuminate/Filesystem/Filesystem.php(124): Illuminate/Filesystem/Filesystem::{closure:Illuminate/Filesystem/Filesystem::getRequire():120}()
#4 C:/PROYETO/web/proyectoWEB/frontLaravel/vendor/laravel/framework/src/Illuminate/View/Engines/PhpEngine.php(57): Illuminate/Filesystem/Filesystem->getRequire('C://PROYETO//web//...', Array)
#5 C:/PROYETO/web/proyectoWEB/frontLaravel/vendor/livewire/livewire/src/Mechanisms/ExtendBlade/ExtendedCompilerEngine.php(22): Illuminate/View/Engines/PhpEngine->evaluatePath('C://PROYETO//web//...', Array)
#6 C:/PROYETO/web/proyectoWEB/frontLaravel/vendor/laravel/framework/src/Illuminate/View/Engines/CompilerEngine.php(76): Livewire/Mechanisms/ExtendBlade/ExtendedCompilerEngine->evaluatePath('C://PROYETO//web//...', Array)
#7 C:/PROYETO/web/proyectoWEB/frontLaravel/vendor/livewire/livewire/src/Mechanisms/ExtendBlade/ExtendedCompilerEngine.php(10): Illuminate/View/Engines/CompilerEngine->get('C://PROYETO//web//...', Array)
#8 C:/PROYETO/web/proyectoWEB/frontLaravel/vendor/laravel/framework/src/Illuminate/View/View.php(208): Livewire/Mechanisms/ExtendBlade/ExtendedCompilerEngine->get('C://PROYETO//web//...', Array)
#9 C:/PROYETO/web/proyectoWEB/frontLaravel/vendor/laravel/framework/src/Illuminate/View/View.php(191): Illuminate/View/View->getContents()
#10 C:/PROYETO/web/proyectoWEB/frontLaravel/vendor/laravel/framework/src/Illuminate/View/View.php(160): Illuminate/View/View->renderContents()
#11 C:/PROYETO/web/proyectoWEB/frontLaravel/vendor/laravel/framework/src/Illuminate/Http/Response.php(78): Illuminate/View/View->render()
#12 C:/PROYETO/web/proyectoWEB/frontLaravel/vendor/laravel/framework/src/Illuminate/Http/Response.php(34): Illuminate/Http/Response->setContent(Object(Illuminate/View/View))
#13 C:/PROYETO/web/proyectoWEB/frontLaravel/vendor/laravel/framework/src/Illuminate/Routing/ResponseFactory.php(61): Illuminate/Http/Response->__construct(Object(Illuminate/View/View), 200, Array)
#14 C:/PROYETO/web/proyectoWEB/frontLaravel/vendor/laravel/framework/src/Illuminate/Routing/ResponseFactory.php(91): Illuminate/Routing/ResponseFactory->make(Object(Illuminate/View/View), 200, Array)
#15 C:/PROYETO/web/proyectoWEB/frontLaravel/vendor/laravel/framework/src/Illuminate/Support/Facades/Facade.php(363): Illuminate/Routing/ResponseFactory->view('app', Array)
#16 C:/PROYETO/web/proyectoWEB/frontLaravel/vendor/inertiajs/inertia-laravel/src/Response.php(211): Illuminate/Support/Facades/Facade::__callStatic('view', Array)
#17 C:/PROYETO/web/proyectoWEB/frontLaravel/vendor/laravel/framework/src/Illuminate/Routing/Router.php(921): Inertia/Response->toResponse(Object(Illuminate/Http/Request))
#18 C:/PROYETO/web/proyectoWEB/frontLaravel/vendor/laravel/framework/src/Illuminate/Routing/Router.php(906): Illuminate/Routing/Router::toResponse(Object(Illuminate/Http/Request), Object(Inertia/Response))
#19 C:/PROYETO/web/proyectoWEB/frontLaravel/vendor/laravel/framework/src/Illuminate/Routing/Router.php(821): Illuminate/Routing/Router->prepareResponse(Object(Illuminate/Http/Request), Object(Inertia/Response))
#20 C:/PROYETO/web/proyectoWEB/frontLaravel/vendor/laravel/framework/src/Illuminate/Pipeline/Pipeline.php(180): Illuminate/Routing/Router->{closure:Illuminate/Routing/Router::runRouteWithinStack():821}(Object(Illuminate/Http/Request))
#21 C:/PROYETO/web/proyectoWEB/frontLaravel/vendor/inertiajs/inertia-laravel/src/Middleware.php(138): Illuminate/Pipeline/Pipeline->{closure:Illuminate/Pipeline/Pipeline::prepareDestination():178}(Object(Illuminate/Http/Request))
#22 C:/PROYETO/web/proyectoWEB/frontLaravel/vendor/laravel/framework/src/Illuminate/Pipeline/Pipeline.php(219): Inertia/Middleware->handle(Object(Illuminate/Http/Request), Object(Closure))
#23 C:/PROYETO/web/proyectoWEB/frontLaravel/vendor/laravel/framework/src/Illuminate/Routing/Middleware/SubstituteBindings.php(52): Illuminate/Pipeline/Pipeline->{closure:{closure:Illuminate/Pipeline/Pipeline::carry():194}:195}(Object(Illuminate/Http/Request))
#24 C:/PROYETO/web/proyectoWEB/frontLaravel/vendor/laravel/framework/src/Illuminate/Pipeline/Pipeline.php(219): Illuminate/Routing/Middleware/SubstituteBindings->handle(Object(Illuminate/Http/Request), Object(Closure))
#25 C:/PROYETO/web/proyectoWEB/frontLaravel/vendor/laravel/framework/src/Illuminate/Foundation/Http/Middleware/PreventRequestForgery.php(104): Illuminate/Pipeline/Pipeline->{closure:{closure:Illuminate/Pipeline/Pipeline::carry():194}:195}(Object(Illuminate/Http/Request))
#26 C:/PROYETO/web/proyectoWEB/frontLaravel/vendor/laravel/framework/src/Illuminate/Pipeline/Pipeline.php(219): Illuminate/Foundation/Http/Middleware/PreventRequestForgery->handle(Object(Illuminate/Http/Request), Object(Closure))
#27 C:/PROYETO/web/proyectoWEB/frontLaravel/vendor/laravel/framework/src/Illuminate/View/Middleware/ShareErrorsFromSession.php(48): Illuminate/Pipeline/Pipeline->{closure:{closure:Illuminate/Pipeline/Pipeline::carry():194}:195}(Object(Illuminate/Http/Request))
#28 C:/PROYETO/web/proyectoWEB/frontLaravel/vendor/laravel/framework/src/Illuminate/Pipeline/Pipeline.php(219): Illuminate/View/Middleware/ShareErrorsFromSession->handle(Object(Illuminate/Http/Request), Object(Closure))
#29 C:/PROYETO/web/proyectoWEB/frontLaravel/vendor/laravel/framework/src/Illuminate/Session/Middleware/StartSession.php(120): Illuminate/Pipeline/Pipeline->{closure:{closure:Illuminate/Pipeline/Pipeline::carry():194}:195}(Object(Illuminate/Http/Request))
#30 C:/PROYETO/web/proyectoWEB/frontLaravel/vendor/laravel/framework/src/Illuminate/Session/Middleware/StartSession.php(63): Illuminate/Session/Middleware/StartSession->handleStatefulRequest(Object(Illuminate/Http/Request), Object(Illuminate/Session/Store), Object(Closure))
#31 C:/PROYETO/web/proyectoWEB/frontLaravel/vendor/laravel/framework/src/Illuminate/Pipeline/Pipeline.php(219): Illuminate/Session/Middleware/StartSession->handle(Object(Illuminate/Http/Request), Object(Closure))
#32 C:/PROYETO/web/proyectoWEB/frontLaravel/vendor/laravel/framework/src/Illuminate/Cookie/Middleware/AddQueuedCookiesToResponse.php(36): Illuminate/Pipeline/Pipeline->{closure:{closure:Illuminate/Pipeline/Pipeline::carry():194}:195}(Object(Illuminate/Http/Request))
#33 C:/PROYETO/web/proyectoWEB/frontLaravel/vendor/laravel/framework/src/Illuminate/Pipeline/Pipeline.php(219): Illuminate/Cookie/Middleware/AddQueuedCookiesToResponse->handle(Object(Illuminate/Http/Request), Object(Closure))
#34 C:/PROYETO/web/proyectoWEB/frontLaravel/vendor/laravel/framework/src/Illuminate/Cookie/Middleware/EncryptCookies.php(74): Illuminate/Pipeline/Pipeline->{closure:{closure:Illuminate/Pipeline/Pipeline::carry():194}:195}(Object(Illuminate/Http/Request))
#35 C:/PROYETO/web/proyectoWEB/frontLaravel/vendor/laravel/framework/src/Illuminate/Pipeline/Pipeline.php(219): Illuminate/Cookie/Middleware/EncryptCookies->handle(Object(Illuminate/Http/Request), Object(Closure))
#36 C:/PROYETO/web/proyectoWEB/frontLaravel/vendor/laravel/framework/src/Illuminate/Pipeline/Pipeline.php(137): Illuminate/Pipeline/Pipeline->{closure:{closure:Illuminate/Pipeline/Pipeline::carry():194}:195}(Object(Illuminate/Http/Request))
#37 C:/PROYETO/web/proyectoWEB/frontLaravel/vendor/laravel/framework/src/Illuminate/Routing/Router.php(821): Illuminate/Pipeline/Pipeline->then(Object(Closure))
#38 C:/PROYETO/web/proyectoWEB/frontLaravel/vendor/laravel/framework/src/Illuminate/Routing/Router.php(800): Illuminate/Routing/Router->runRouteWithinStack(Object(Illuminate/Routing/Route), Object(Illuminate/Http/Request))
#39 C:/PROYETO/web/proyectoWEB/frontLaravel/vendor/laravel/framework/src/Illuminate/Routing/Router.php(764): Illuminate/Routing/Router->runRoute(Object(Illuminate/Http/Request), Object(Illuminate/Routing/Route))
#40 C:/PROYETO/web/proyectoWEB/frontLaravel/vendor/laravel/framework/src/Illuminate/Routing/Router.php(753): Illuminate/Routing/Router->dispatchToRoute(Object(Illuminate/Http/Request))
#41 C:/PROYETO/web/proyectoWEB/frontLaravel/vendor/laravel/framework/src/Illuminate/Foundation/Http/Kernel.php(200): Illuminate/Routing/Router->dispatch(Object(Illuminate/Http/Request))
#42 C:/PROYETO/web/proyectoWEB/frontLaravel/vendor/laravel/framework/src/Illuminate/Pipeline/Pipeline.php(180): Illuminate/Foundation/Http/Kernel->{closure:Illuminate/Foundation/Http/Kernel::dispatchToRouter():197}(Object(Illuminate/Http/Request))
#43 C:/PROYETO/web/proyectoWEB/frontLaravel/vendor/livewire/livewire/src/Features/SupportDisablingBackButtonCache/DisableBackButtonCacheMiddleware.php(19): Illuminate/Pipeline/Pipeline->{closure:Illuminate/Pipeline/Pipeline::prepareDestination():178}(Object(Illuminate/Http/Request))
#44 C:/PROYETO/web/proyectoWEB/frontLaravel/vendor/laravel/framework/src/Illuminate/Pipeline/Pipeline.php(219): Livewire/Features/SupportDisablingBackButtonCache/DisableBackButtonCacheMiddleware->handle(Object(Illuminate/Http/Request), Object(Closure))
#45 C:/PROYETO/web/proyectoWEB/frontLaravel/vendor/laravel/framework/src/Illuminate/Foundation/Http/Middleware/TransformsRequest.php(21): Illuminate/Pipeline/Pipeline->{closure:{closure:Illuminate/Pipeline/Pipeline::carry():194}:195}(Object(Illuminate/Http/Request))
#46 C:/PROYETO/web/proyectoWEB/frontLaravel/vendor/laravel/framework/src/Illuminate/Foundation/Http/Middleware/ConvertEmptyStringsToNull.php(31): Illuminate/Foundation/Http/Middleware/TransformsRequest->handle(Object(Illuminate/Http/Request), Object(Closure))
#47 C:/PROYETO/web/proyectoWEB/frontLaravel/vendor/laravel/framework/src/Illuminate/Pipeline/Pipeline.php(219): Illuminate/Foundation/Http/Middleware/ConvertEmptyStringsToNull->handle(Object(Illuminate/Http/Request), Object(Closure))
#48 C:/PROYETO/web/proyectoWEB/frontLaravel/vendor/laravel/framework/src/Illuminate/Foundation/Http/Middleware/TransformsRequest.php(21): Illuminate/Pipeline/Pipeline->{closure:{closure:Illuminate/Pipeline/Pipeline::carry():194}:195}(Object(Illuminate/Http/Request))
#49 C:/PROYETO/web/proyectoWEB/frontLaravel/vendor/laravel/framework/src/Illuminate/Foundation/Http/Middleware/TrimStrings.php(51): Illuminate/Foundation/Http/Middleware/TransformsRequest->handle(Object(Illuminate/Http/Request), Object(Closure))
#50 C:/PROYETO/web/proyectoWEB/frontLaravel/vendor/laravel/framework/src/Illuminate/Pipeline/Pipeline.php(219): Illuminate/Foundation/Http/Middleware/TrimStrings->handle(Object(Illuminate/Http/Request), Object(Closure))
#51 C:/PROYETO/web/proyectoWEB/frontLaravel/vendor/laravel/framework/src/Illuminate/Http/Middleware/ValidatePostSize.php(27): Illuminate/Pipeline/Pipeline->{closure:{closure:Illuminate/Pipeline/Pipeline::carry():194}:195}(Object(Illuminate/Http/Request))
#52 C:/PROYETO/web/proyectoWEB/frontLaravel/vendor/laravel/framework/src/Illuminate/Pipeline/Pipeline.php(219): Illuminate/Http/Middleware/ValidatePostSize->handle(Object(Illuminate/Http/Request), Object(Closure))
#53 C:/PROYETO/web/proyectoWEB/frontLaravel/vendor/laravel/framework/src/Illuminate/Foundation/Http/Middleware/PreventRequestsDuringMaintenance.php(109): Illuminate/Pipeline/Pipeline->{closure:{closure:Illuminate/Pipeline/Pipeline::carry():194}:195}(Object(Illuminate/Http/Request))
#54 C:/PROYETO/web/proyectoWEB/frontLaravel/vendor/laravel/framework/src/Illuminate/Pipeline/Pipeline.php(219): Illuminate/Foundation/Http/Middleware/PreventRequestsDuringMaintenance->handle(Object(Illuminate/Http/Request), Object(Closure))
#55 C:/PROYETO/web/proyectoWEB/frontLaravel/vendor/laravel/framework/src/Illuminate/Http/Middleware/HandleCors.php(61): Illuminate/Pipeline/Pipeline->{closure:{closure:Illuminate/Pipeline/Pipeline::carry():194}:195}(Object(Illuminate/Http/Request))
#56 C:/PROYETO/web/proyectoWEB/frontLaravel/vendor/laravel/framework/src/Illuminate/Pipeline/Pipeline.php(219): Illuminate/Http/Middleware/HandleCors->handle(Object(Illuminate/Http/Request), Object(Closure))
#57 C:/PROYETO/web/proyectoWEB/frontLaravel/vendor/laravel/framework/src/Illuminate/Http/Middleware/TrustProxies.php(58): Illuminate/Pipeline/Pipeline->{closure:{closure:Illuminate/Pipeline/Pipeline::carry():194}:195}(Object(Illuminate/Http/Request))
#58 C:/PROYETO/web/proyectoWEB/frontLaravel/vendor/laravel/framework/src/Illuminate/Pipeline/Pipeline.php(219): Illuminate/Http/Middleware/TrustProxies->handle(Object(Illuminate/Http/Request), Object(Closure))
#59 C:/PROYETO/web/proyectoWEB/frontLaravel/vendor/laravel/framework/src/Illuminate/Foundation/Http/Middleware/InvokeDeferredCallbacks.php(22): Illuminate/Pipeline/Pipeline->{closure:{closure:Illuminate/Pipeline/Pipeline::carry():194}:195}(Object(Illuminate/Http/Request))
#60 C:/PROYETO/web/proyectoWEB/frontLaravel/vendor/laravel/framework/src/Illuminate/Pipeline/Pipeline.php(219): Illuminate/Foundation/Http/Middleware/InvokeDeferredCallbacks->handle(Object(Illuminate/Http/Request), Object(Closure))
#61 C:/PROYETO/web/proyectoWEB/frontLaravel/vendor/laravel/framework/src/Illuminate/Http/Middleware/ValidatePathEncoding.php(28): Illuminate/Pipeline/Pipeline->{closure:{closure:Illuminate/Pipeline/Pipeline::carry():194}:195}(Object(Illuminate/Http/Request))
#62 C:/PROYETO/web/proyectoWEB/frontLaravel/vendor/laravel/framework/src/Illuminate/Pipeline/Pipeline.php(219): Illuminate/Http/Middleware/ValidatePathEncoding->handle(Object(Illuminate/Http/Request), Object(Closure))
#63 C:/PROYETO/web/proyectoWEB/frontLaravel/vendor/laravel/framework/src/Illuminate/Pipeline/Pipeline.php(137): Illuminate/Pipeline/Pipeline->{closure:{closure:Illuminate/Pipeline/Pipeline::carry():194}:195}(Object(Illuminate/Http/Request))
#64 C:/PROYETO/web/proyectoWEB/frontLaravel/vendor/laravel/framework/src/Illuminate/Foundation/Http/Kernel.php(175): Illuminate/Pipeline/Pipeline->then(Object(Closure))
#65 C:/PROYETO/web/proyectoWEB/frontLaravel/vendor/laravel/framework/src/Illuminate/Foundation/Http/Kernel.php(144): Illuminate/Foundation/Http/Kernel->sendRequestThroughRouter(Object(Illuminate/Http/Request))
#66 C:/PROYETO/web/proyectoWEB/frontLaravel/vendor/laravel/framework/src/Illuminate/Foundation/Application.php(1220): Illuminate/Foundation/Http/Kernel->handle(Object(Illuminate/Http/Request))
#67 C:/PROYETO/web/proyectoWEB/frontLaravel/public/index.php(20): Illuminate/Foundation/Application->handleRequest(Object(Illuminate/Http/Request))
#68 C:/PROYETO/web/proyectoWEB/frontLaravel/vendor/laravel/framework/src/Illuminate/Foundation/resources/server.php(23): require_once('C://PROYETO//web//...')
#69 {main}
"} 
[2026-04-11 17:51:30] local.ERROR: Vite manifest not found at: C:\PROYETO\web\proyectoWEB\frontLaravel\public\build/manifest.json (View: C:\PROYETO\web\proyectoWEB\frontLaravel\resources\views\app.blade.php) {"exception":"[object] (Illuminate\\View\\ViewException(code: 0): Vite manifest not found at: C:\\PROYETO\\web\\proyectoWEB\\frontLaravel\\public\\build/manifest.json (View: C:\\PROYETO\\web\\proyectoWEB\\frontLaravel\\resources\\views\\app.blade.php) at C:/PROYETO/web/proyectoWEB/frontLaravel/vendor/laravel/framework/src/Illuminate/Foundation/Vite.php:946)
[stacktrace]
#0 C:/PROYETO/web/proyectoWEB/frontLaravel/vendor/livewire/livewire/src/Mechanisms/ExtendBlade/ExtendedCompilerEngine.php(58): Illuminate/View/Engines/CompilerEngine->handleViewException(Object(Illuminate/Foundation/ViteManifestNotFoundException), 1)
#1 C:/PROYETO/web/proyectoWEB/frontLaravel/vendor/laravel/framework/src/Illuminate/View/Engines/PhpEngine.php(59): Livewire/Mechanisms/ExtendBlade/ExtendedCompilerEngine->handleViewException(Object(Illuminate/Foundation/ViteManifestNotFoundException), 1)
#2 C:/PROYETO/web/proyectoWEB/frontLaravel/vendor/livewire/livewire/src/Mechanisms/ExtendBlade/ExtendedCompilerEngine.php(22): Illuminate/View/Engines/PhpEngine->evaluatePath('C://PROYETO//web//...', Array)
#3 C:/PROYETO/web/proyectoWEB/frontLaravel/vendor/laravel/framework/src/Illuminate/View/Engines/CompilerEngine.php(76): Livewire/Mechanisms/ExtendBlade/ExtendedCompilerEngine->evaluatePath('C://PROYETO//web//...', Array)
#4 C:/PROYETO/web/proyectoWEB/frontLaravel/vendor/livewire/livewire/src/Mechanisms/ExtendBlade/ExtendedCompilerEngine.php(10): Illuminate/View/Engines/CompilerEngine->get('C://PROYETO//web//...', Array)
#5 C:/PROYETO/web/proyectoWEB/frontLaravel/vendor/laravel/framework/src/Illuminate/View/View.php(208): Livewire/Mechanisms/ExtendBlade/ExtendedCompilerEngine->get('C://PROYETO//web//...', Array)
#6 C:/PROYETO/web/proyectoWEB/frontLaravel/vendor/laravel/framework/src/Illuminate/View/View.php(191): Illuminate/View/View->getContents()
#7 C:/PROYETO/web/proyectoWEB/frontLaravel/vendor/laravel/framework/src/Illuminate/View/View.php(160): Illuminate/View/View->renderContents()
#8 C:/PROYETO/web/proyectoWEB/frontLaravel/vendor/laravel/framework/src/Illuminate/Http/Response.php(78): Illuminate/View/View->render()
#9 C:/PROYETO/web/proyectoWEB/frontLaravel/vendor/laravel/framework/src/Illuminate/Http/Response.php(34): Illuminate/Http/Response->setContent(Object(Illuminate/View/View))
#10 C:/PROYETO/web/proyectoWEB/frontLaravel/vendor/laravel/framework/src/Illuminate/Routing/ResponseFactory.php(61): Illuminate/Http/Response->__construct(Object(Illuminate/View/View), 200, Array)
#11 C:/PROYETO/web/proyectoWEB/frontLaravel/vendor/laravel/framework/src/Illuminate/Routing/ResponseFactory.php(91): Illuminate/Routing/ResponseFactory->make(Object(Illuminate/View/View), 200, Array)
#12 C:/PROYETO/web/proyectoWEB/frontLaravel/vendor/laravel/framework/src/Illuminate/Support/Facades/Facade.php(363): Illuminate/Routing/ResponseFactory->view('app', Array)
#13 C:/PROYETO/web/proyectoWEB/frontLaravel/vendor/inertiajs/inertia-laravel/src/Response.php(211): Illuminate/Support/Facades/Facade::__callStatic('view', Array)
#14 C:/PROYETO/web/proyectoWEB/frontLaravel/vendor/laravel/framework/src/Illuminate/Routing/Router.php(921): Inertia/Response->toResponse(Object(Illuminate/Http/Request))
#15 C:/PROYETO/web/proyectoWEB/frontLaravel/vendor/laravel/framework/src/Illuminate/Routing/Router.php(906): Illuminate/Routing/Router::toResponse(Object(Illuminate/Http/Request), Object(Inertia/Response))
#16 C:/PROYETO/web/proyectoWEB/frontLaravel/vendor/laravel/framework/src/Illuminate/Routing/Router.php(821): Illuminate/Routing/Router->prepareResponse(Object(Illuminate/Http/Request), Object(Inertia/Response))
#17 C:/PROYETO/web/proyectoWEB/frontLaravel/vendor/laravel/framework/src/Illuminate/Pipeline/Pipeline.php(180): Illuminate/Routing/Router->{closure:Illuminate/Routing/Router::runRouteWithinStack():821}(Object(Illuminate/Http/Request))
#18 C:/PROYETO/web/proyectoWEB/frontLaravel/vendor/inertiajs/inertia-laravel/src/Middleware.php(138): Illuminate/Pipeline/Pipeline->{closure:Illuminate/Pipeline/Pipeline::prepareDestination():178}(Object(Illuminate/Http/Request))
#19 C:/PROYETO/web/proyectoWEB/frontLaravel/vendor/laravel/framework/src/Illuminate/Pipeline/Pipeline.php(219): Inertia/Middleware->handle(Object(Illuminate/Http/Request), Object(Closure))
#20 C:/PROYETO/web/proyectoWEB/frontLaravel/vendor/laravel/framework/src/Illuminate/Routing/Middleware/SubstituteBindings.php(52): Illuminate/Pipeline/Pipeline->{closure:{closure:Illuminate/Pipeline/Pipeline::carry():194}:195}(Object(Illuminate/Http/Request))
#21 C:/PROYETO/web/proyectoWEB/frontLaravel/vendor/laravel/framework/src/Illuminate/Pipeline/Pipeline.php(219): Illuminate/Routing/Middleware/SubstituteBindings->handle(Object(Illuminate/Http/Request), Object(Closure))
#22 C:/PROYETO/web/proyectoWEB/frontLaravel/vendor/laravel/framework/src/Illuminate/Foundation/Http/Middleware/PreventRequestForgery.php(104): Illuminate/Pipeline/Pipeline->{closure:{closure:Illuminate/Pipeline/Pipeline::carry():194}:195}(Object(Illuminate/Http/Request))
#23 C:/PROYETO/web/proyectoWEB/frontLaravel/vendor/laravel/framework/src/Illuminate/Pipeline/Pipeline.php(219): Illuminate/Foundation/Http/Middleware/PreventRequestForgery->handle(Object(Illuminate/Http/Request), Object(Closure))
#24 C:/PROYETO/web/proyectoWEB/frontLaravel/vendor/laravel/framework/src/Illuminate/View/Middleware/ShareErrorsFromSession.php(48): Illuminate/Pipeline/Pipeline->{closure:{closure:Illuminate/Pipeline/Pipeline::carry():194}:195}(Object(Illuminate/Http/Request))
#25 C:/PROYETO/web/proyectoWEB/frontLaravel/vendor/laravel/framework/src/Illuminate/Pipeline/Pipeline.php(219): Illuminate/View/Middleware/ShareErrorsFromSession->handle(Object(Illuminate/Http/Request), Object(Closure))
#26 C:/PROYETO/web/proyectoWEB/frontLaravel/vendor/laravel/framework/src/Illuminate/Session/Middleware/StartSession.php(120): Illuminate/Pipeline/Pipeline->{closure:{closure:Illuminate/Pipeline/Pipeline::carry():194}:195}(Object(Illuminate/Http/Request))
#27 C:/PROYETO/web/proyectoWEB/frontLaravel/vendor/laravel/framework/src/Illuminate/Session/Middleware/StartSession.php(63): Illuminate/Session/Middleware/StartSession->handleStatefulRequest(Object(Illuminate/Http/Request), Object(Illuminate/Session/Store), Object(Closure))
#28 C:/PROYETO/web/proyectoWEB/frontLaravel/vendor/laravel/framework/src/Illuminate/Pipeline/Pipeline.php(219): Illuminate/Session/Middleware/StartSession->handle(Object(Illuminate/Http/Request), Object(Closure))
#29 C:/PROYETO/web/proyectoWEB/frontLaravel/vendor/laravel/framework/src/Illuminate/Cookie/Middleware/AddQueuedCookiesToResponse.php(36): Illuminate/Pipeline/Pipeline->{closure:{closure:Illuminate/Pipeline/Pipeline::carry():194}:195}(Object(Illuminate/Http/Request))
#30 C:/PROYETO/web/proyectoWEB/frontLaravel/vendor/laravel/framework/src/Illuminate/Pipeline/Pipeline.php(219): Illuminate/Cookie/Middleware/AddQueuedCookiesToResponse->handle(Object(Illuminate/Http/Request), Object(Closure))
#31 C:/PROYETO/web/proyectoWEB/frontLaravel/vendor/laravel/framework/src/Illuminate/Cookie/Middleware/EncryptCookies.php(74): Illuminate/Pipeline/Pipeline->{closure:{closure:Illuminate/Pipeline/Pipeline::carry():194}:195}(Object(Illuminate/Http/Request))
#32 C:/PROYETO/web/proyectoWEB/frontLaravel/vendor/laravel/framework/src/Illuminate/Pipeline/Pipeline.php(219): Illuminate/Cookie/Middleware/EncryptCookies->handle(Object(Illuminate/Http/Request), Object(Closure))
#33 C:/PROYETO/web/proyectoWEB/frontLaravel/vendor/laravel/framework/src/Illuminate/Pipeline/Pipeline.php(137): Illuminate/Pipeline/Pipeline->{closure:{closure:Illuminate/Pipeline/Pipeline::carry():194}:195}(Object(Illuminate/Http/Request))
#34 C:/PROYETO/web/proyectoWEB/frontLaravel/vendor/laravel/framework/src/Illuminate/Routing/Router.php(821): Illuminate/Pipeline/Pipeline->then(Object(Closure))
#35 C:/PROYETO/web/proyectoWEB/frontLaravel/vendor/laravel/framework/src/Illuminate/Routing/Router.php(800): Illuminate/Routing/Router->runRouteWithinStack(Object(Illuminate/Routing/Route), Object(Illuminate/Http/Request))
#36 C:/PROYETO/web/proyectoWEB/frontLaravel/vendor/laravel/framework/src/Illuminate/Routing/Router.php(764): Illuminate/Routing/Router->runRoute(Object(Illuminate/Http/Request), Object(Illuminate/Routing/Route))
#37 C:/PROYETO/web/proyectoWEB/frontLaravel/vendor/laravel/framework/src/Illuminate/Routing/Router.php(753): Illuminate/Routing/Router->dispatchToRoute(Object(Illuminate/Http/Request))
#38 C:/PROYETO/web/proyectoWEB/frontLaravel/vendor/laravel/framework/src/Illuminate/Foundation/Http/Kernel.php(200): Illuminate/Routing/Router->dispatch(Object(Illuminate/Http/Request))
#39 C:/PROYETO/web/proyectoWEB/frontLaravel/vendor/laravel/framework/src/Illuminate/Pipeline/Pipeline.php(180): Illuminate/Foundation/Http/Kernel->{closure:Illuminate/Foundation/Http/Kernel::dispatchToRouter():197}(Object(Illuminate/Http/Request))
#40 C:/PROYETO/web/proyectoWEB/frontLaravel/vendor/livewire/livewire/src/Features/SupportDisablingBackButtonCache/DisableBackButtonCacheMiddleware.php(19): Illuminate/Pipeline/Pipeline->{closure:Illuminate/Pipeline/Pipeline::prepareDestination():178}(Object(Illuminate/Http/Request))
#41 C:/PROYETO/web/proyectoWEB/frontLaravel/vendor/laravel/framework/src/Illuminate/Pipeline/Pipeline.php(219): Livewire/Features/SupportDisablingBackButtonCache/DisableBackButtonCacheMiddleware->handle(Object(Illuminate/Http/Request), Object(Closure))
#42 C:/PROYETO/web/proyectoWEB/frontLaravel/vendor/laravel/framework/src/Illuminate/Foundation/Http/Middleware/TransformsRequest.php(21): Illuminate/Pipeline/Pipeline->{closure:{closure:Illuminate/Pipeline/Pipeline::carry():194}:195}(Object(Illuminate/Http/Request))
#43 C:/PROYETO/web/proyectoWEB/frontLaravel/vendor/laravel/framework/src/Illuminate/Foundation/Http/Middleware/ConvertEmptyStringsToNull.php(31): Illuminate/Foundation/Http/Middleware/TransformsRequest->handle(Object(Illuminate/Http/Request), Object(Closure))
#44 C:/PROYETO/web/proyectoWEB/frontLaravel/vendor/laravel/framework/src/Illuminate/Pipeline/Pipeline.php(219): Illuminate/Foundation/Http/Middleware/ConvertEmptyStringsToNull->handle(Object(Illuminate/Http/Request), Object(Closure))
#45 C:/PROYETO/web/proyectoWEB/frontLaravel/vendor/laravel/framework/src/Illuminate/Foundation/Http/Middleware/TransformsRequest.php(21): Illuminate/Pipeline/Pipeline->{closure:{closure:Illuminate/Pipeline/Pipeline::carry():194}:195}(Object(Illuminate/Http/Request))
#46 C:/PROYETO/web/proyectoWEB/frontLaravel/vendor/laravel/framework/src/Illuminate/Foundation/Http/Middleware/TrimStrings.php(51): Illuminate/Foundation/Http/Middleware/TransformsRequest->handle(Object(Illuminate/Http/Request), Object(Closure))
#47 C:/PROYETO/web/proyectoWEB/frontLaravel/vendor/laravel/framework/src/Illuminate/Pipeline/Pipeline.php(219): Illuminate/Foundation/Http/Middleware/TrimStrings->handle(Object(Illuminate/Http/Request), Object(Closure))
#48 C:/PROYETO/web/proyectoWEB/frontLaravel/vendor/laravel/framework/src/Illuminate/Http/Middleware/ValidatePostSize.php(27): Illuminate/Pipeline/Pipeline->{closure:{closure:Illuminate/Pipeline/Pipeline::carry():194}:195}(Object(Illuminate/Http/Request))
#49 C:/PROYETO/web/proyectoWEB/frontLaravel/vendor/laravel/framework/src/Illuminate/Pipeline/Pipeline.php(219): Illuminate/Http/Middleware/ValidatePostSize->handle(Object(Illuminate/Http/Request), Object(Closure))
#50 C:/PROYETO/web/proyectoWEB/frontLaravel/vendor/laravel/framework/src/Illuminate/Foundation/Http/Middleware/PreventRequestsDuringMaintenance.php(109): Illuminate/Pipeline/Pipeline->{closure:{closure:Illuminate/Pipeline/Pipeline::carry():194}:195}(Object(Illuminate/Http/Request))
#51 C:/PROYETO/web/proyectoWEB/frontLaravel/vendor/laravel/framework/src/Illuminate/Pipeline/Pipeline.php(219): Illuminate/Foundation/Http/Middleware/PreventRequestsDuringMaintenance->handle(Object(Illuminate/Http/Request), Object(Closure))
#52 C:/PROYETO/web/proyectoWEB/frontLaravel/vendor/laravel/framework/src/Illuminate/Http/Middleware/HandleCors.php(61): Illuminate/Pipeline/Pipeline->{closure:{closure:Illuminate/Pipeline/Pipeline::carry():194}:195}(Object(Illuminate/Http/Request))
#53 C:/PROYETO/web/proyectoWEB/frontLaravel/vendor/laravel/framework/src/Illuminate/Pipeline/Pipeline.php(219): Illuminate/Http/Middleware/HandleCors->handle(Object(Illuminate/Http/Request), Object(Closure))
#54 C:/PROYETO/web/proyectoWEB/frontLaravel/vendor/laravel/framework/src/Illuminate/Http/Middleware/TrustProxies.php(58): Illuminate/Pipeline/Pipeline->{closure:{closure:Illuminate/Pipeline/Pipeline::carry():194}:195}(Object(Illuminate/Http/Request))
#55 C:/PROYETO/web/proyectoWEB/frontLaravel/vendor/laravel/framework/src/Illuminate/Pipeline/Pipeline.php(219): Illuminate/Http/Middleware/TrustProxies->handle(Object(Illuminate/Http/Request), Object(Closure))
#56 C:/PROYETO/web/proyectoWEB/frontLaravel/vendor/laravel/framework/src/Illuminate/Foundation/Http/Middleware/InvokeDeferredCallbacks.php(22): Illuminate/Pipeline/Pipeline->{closure:{closure:Illuminate/Pipeline/Pipeline::carry():194}:195}(Object(Illuminate/Http/Request))
#57 C:/PROYETO/web/proyectoWEB/frontLaravel/vendor/laravel/framework/src/Illuminate/Pipeline/Pipeline.php(219): Illuminate/Foundation/Http/Middleware/InvokeDeferredCallbacks->handle(Object(Illuminate/Http/Request), Object(Closure))
#58 C:/PROYETO/web/proyectoWEB/frontLaravel/vendor/laravel/framework/src/Illuminate/Http/Middleware/ValidatePathEncoding.php(28): Illuminate/Pipeline/Pipeline->{closure:{closure:Illuminate/Pipeline/Pipeline::carry():194}:195}(Object(Illuminate/Http/Request))
#59 C:/PROYETO/web/proyectoWEB/frontLaravel/vendor/laravel/framework/src/Illuminate/Pipeline/Pipeline.php(219): Illuminate/Http/Middleware/ValidatePathEncoding->handle(Object(Illuminate/Http/Request), Object(Closure))
#60 C:/PROYETO/web/proyectoWEB/frontLaravel/vendor/laravel/framework/src/Illuminate/Pipeline/Pipeline.php(137): Illuminate/Pipeline/Pipeline->{closure:{closure:Illuminate/Pipeline/Pipeline::carry():194}:195}(Object(Illuminate/Http/Request))
#61 C:/PROYETO/web/proyectoWEB/frontLaravel/vendor/laravel/framework/src/Illuminate/Foundation/Http/Kernel.php(175): Illuminate/Pipeline/Pipeline->then(Object(Closure))
#62 C:/PROYETO/web/proyectoWEB/frontLaravel/vendor/laravel/framework/src/Illuminate/Foundation/Http/Kernel.php(144): Illuminate/Foundation/Http/Kernel->sendRequestThroughRouter(Object(Illuminate/Http/Request))
#63 C:/PROYETO/web/proyectoWEB/frontLaravel/vendor/laravel/framework/src/Illuminate/Foundation/Application.php(1220): Illuminate/Foundation/Http/Kernel->handle(Object(Illuminate/Http/Request))
#64 C:/PROYETO/web/proyectoWEB/frontLaravel/public/index.php(20): Illuminate/Foundation/Application->handleRequest(Object(Illuminate/Http/Request))
#65 C:/PROYETO/web/proyectoWEB/frontLaravel/vendor/laravel/framework/src/Illuminate/Foundation/resources/server.php(23): require_once('C://PROYETO//web//...')
#66 {main}

[previous exception] [object] (Illuminate\\Foundation\\ViteManifestNotFoundException(code: 0): Vite manifest not found at: C:\\PROYETO\\web\\proyectoWEB\\frontLaravel\\public\\build/manifest.json at C:/PROYETO/web/proyectoWEB/frontLaravel/vendor/laravel/framework/src/Illuminate/Foundation/Vite.php:946)
[stacktrace]
#0 C:/PROYETO/web/proyectoWEB/frontLaravel/vendor/laravel/framework/src/Illuminate/Foundation/Vite.php(384): Illuminate/Foundation/Vite->manifest('build')
#1 C:/PROYETO/web/proyectoWEB/frontLaravel/storage/framework/views/b8cf98c191fcc6ea5463db8c3bf6e432.php(13): Illuminate/Foundation/Vite->__invoke(Object(Illuminate/Support/Collection))
#2 C:/PROYETO/web/proyectoWEB/frontLaravel/vendor/laravel/framework/src/Illuminate/Filesystem/Filesystem.php(123): require('C://PROYETO//web//...')
#3 C:/PROYETO/web/proyectoWEB/frontLaravel/vendor/laravel/framework/src/Illuminate/Filesystem/Filesystem.php(124): Illuminate/Filesystem/Filesystem::{closure:Illuminate/Filesystem/Filesystem::getRequire():120}()
#4 C:/PROYETO/web/proyectoWEB/frontLaravel/vendor/laravel/framework/src/Illuminate/View/Engines/PhpEngine.php(57): Illuminate/Filesystem/Filesystem->getRequire('C://PROYETO//web//...', Array)
#5 C:/PROYETO/web/proyectoWEB/frontLaravel/vendor/livewire/livewire/src/Mechanisms/ExtendBlade/ExtendedCompilerEngine.php(22): Illuminate/View/Engines/PhpEngine->evaluatePath('C://PROYETO//web//...', Array)
#6 C:/PROYETO/web/proyectoWEB/frontLaravel/vendor/laravel/framework/src/Illuminate/View/Engines/CompilerEngine.php(76): Livewire/Mechanisms/ExtendBlade/ExtendedCompilerEngine->evaluatePath('C://PROYETO//web//...', Array)
#7 C:/PROYETO/web/proyectoWEB/frontLaravel/vendor/livewire/livewire/src/Mechanisms/ExtendBlade/ExtendedCompilerEngine.php(10): Illuminate/View/Engines/CompilerEngine->get('C://PROYETO//web//...', Array)
#8 C:/PROYETO/web/proyectoWEB/frontLaravel/vendor/laravel/framework/src/Illuminate/View/View.php(208): Livewire/Mechanisms/ExtendBlade/ExtendedCompilerEngine->get('C://PROYETO//web//...', Array)
#9 C:/PROYETO/web/proyectoWEB/frontLaravel/vendor/laravel/framework/src/Illuminate/View/View.php(191): Illuminate/View/View->getContents()
#10 C:/PROYETO/web/proyectoWEB/frontLaravel/vendor/laravel/framework/src/Illuminate/View/View.php(160): Illuminate/View/View->renderContents()
#11 C:/PROYETO/web/proyectoWEB/frontLaravel/vendor/laravel/framework/src/Illuminate/Http/Response.php(78): Illuminate/View/View->render()
#12 C:/PROYETO/web/proyectoWEB/frontLaravel/vendor/laravel/framework/src/Illuminate/Http/Response.php(34): Illuminate/Http/Response->setContent(Object(Illuminate/View/View))
#13 C:/PROYETO/web/proyectoWEB/frontLaravel/vendor/laravel/framework/src/Illuminate/Routing/ResponseFactory.php(61): Illuminate/Http/Response->__construct(Object(Illuminate/View/View), 200, Array)
#14 C:/PROYETO/web/proyectoWEB/frontLaravel/vendor/laravel/framework/src/Illuminate/Routing/ResponseFactory.php(91): Illuminate/Routing/ResponseFactory->make(Object(Illuminate/View/View), 200, Array)
#15 C:/PROYETO/web/proyectoWEB/frontLaravel/vendor/laravel/framework/src/Illuminate/Support/Facades/Facade.php(363): Illuminate/Routing/ResponseFactory->view('app', Array)
#16 C:/PROYETO/web/proyectoWEB/frontLaravel/vendor/inertiajs/inertia-laravel/src/Response.php(211): Illuminate/Support/Facades/Facade::__callStatic('view', Array)
#17 C:/PROYETO/web/proyectoWEB/frontLaravel/vendor/laravel/framework/src/Illuminate/Routing/Router.php(921): Inertia/Response->toResponse(Object(Illuminate/Http/Request))
#18 C:/PROYETO/web/proyectoWEB/frontLaravel/vendor/laravel/framework/src/Illuminate/Routing/Router.php(906): Illuminate/Routing/Router::toResponse(Object(Illuminate/Http/Request), Object(Inertia/Response))
#19 C:/PROYETO/web/proyectoWEB/frontLaravel/vendor/laravel/framework/src/Illuminate/Routing/Router.php(821): Illuminate/Routing/Router->prepareResponse(Object(Illuminate/Http/Request), Object(Inertia/Response))
#20 C:/PROYETO/web/proyectoWEB/frontLaravel/vendor/laravel/framework/src/Illuminate/Pipeline/Pipeline.php(180): Illuminate/Routing/Router->{closure:Illuminate/Routing/Router::runRouteWithinStack():821}(Object(Illuminate/Http/Request))
#21 C:/PROYETO/web/proyectoWEB/frontLaravel/vendor/inertiajs/inertia-laravel/src/Middleware.php(138): Illuminate/Pipeline/Pipeline->{closure:Illuminate/Pipeline/Pipeline::prepareDestination():178}(Object(Illuminate/Http/Request))
#22 C:/PROYETO/web/proyectoWEB/frontLaravel/vendor/laravel/framework/src/Illuminate/Pipeline/Pipeline.php(219): Inertia/Middleware->handle(Object(Illuminate/Http/Request), Object(Closure))
#23 C:/PROYETO/web/proyectoWEB/frontLaravel/vendor/laravel/framework/src/Illuminate/Routing/Middleware/SubstituteBindings.php(52): Illuminate/Pipeline/Pipeline->{closure:{closure:Illuminate/Pipeline/Pipeline::carry():194}:195}(Object(Illuminate/Http/Request))
#24 C:/PROYETO/web/proyectoWEB/frontLaravel/vendor/laravel/framework/src/Illuminate/Pipeline/Pipeline.php(219): Illuminate/Routing/Middleware/SubstituteBindings->handle(Object(Illuminate/Http/Request), Object(Closure))
#25 C:/PROYETO/web/proyectoWEB/frontLaravel/vendor/laravel/framework/src/Illuminate/Foundation/Http/Middleware/PreventRequestForgery.php(104): Illuminate/Pipeline/Pipeline->{closure:{closure:Illuminate/Pipeline/Pipeline::carry():194}:195}(Object(Illuminate/Http/Request))
#26 C:/PROYETO/web/proyectoWEB/frontLaravel/vendor/laravel/framework/src/Illuminate/Pipeline/Pipeline.php(219): Illuminate/Foundation/Http/Middleware/PreventRequestForgery->handle(Object(Illuminate/Http/Request), Object(Closure))
#27 C:/PROYETO/web/proyectoWEB/frontLaravel/vendor/laravel/framework/src/Illuminate/View/Middleware/ShareErrorsFromSession.php(48): Illuminate/Pipeline/Pipeline->{closure:{closure:Illuminate/Pipeline/Pipeline::carry():194}:195}(Object(Illuminate/Http/Request))
#28 C:/PROYETO/web/proyectoWEB/frontLaravel/vendor/laravel/framework/src/Illuminate/Pipeline/Pipeline.php(219): Illuminate/View/Middleware/ShareErrorsFromSession->handle(Object(Illuminate/Http/Request), Object(Closure))
#29 C:/PROYETO/web/proyectoWEB/frontLaravel/vendor/laravel/framework/src/Illuminate/Session/Middleware/StartSession.php(120): Illuminate/Pipeline/Pipeline->{closure:{closure:Illuminate/Pipeline/Pipeline::carry():194}:195}(Object(Illuminate/Http/Request))
#30 C:/PROYETO/web/proyectoWEB/frontLaravel/vendor/laravel/framework/src/Illuminate/Session/Middleware/StartSession.php(63): Illuminate/Session/Middleware/StartSession->handleStatefulRequest(Object(Illuminate/Http/Request), Object(Illuminate/Session/Store), Object(Closure))
#31 C:/PROYETO/web/proyectoWEB/frontLaravel/vendor/laravel/framework/src/Illuminate/Pipeline/Pipeline.php(219): Illuminate/Session/Middleware/StartSession->handle(Object(Illuminate/Http/Request), Object(Closure))
#32 C:/PROYETO/web/proyectoWEB/frontLaravel/vendor/laravel/framework/src/Illuminate/Cookie/Middleware/AddQueuedCookiesToResponse.php(36): Illuminate/Pipeline/Pipeline->{closure:{closure:Illuminate/Pipeline/Pipeline::carry():194}:195}(Object(Illuminate/Http/Request))
#33 C:/PROYETO/web/proyectoWEB/frontLaravel/vendor/laravel/framework/src/Illuminate/Pipeline/Pipeline.php(219): Illuminate/Cookie/Middleware/AddQueuedCookiesToResponse->handle(Object(Illuminate/Http/Request), Object(Closure))
#34 C:/PROYETO/web/proyectoWEB/frontLaravel/vendor/laravel/framework/src/Illuminate/Cookie/Middleware/EncryptCookies.php(74): Illuminate/Pipeline/Pipeline->{closure:{closure:Illuminate/Pipeline/Pipeline::carry():194}:195}(Object(Illuminate/Http/Request))
#35 C:/PROYETO/web/proyectoWEB/frontLaravel/vendor/laravel/framework/src/Illuminate/Pipeline/Pipeline.php(219): Illuminate/Cookie/Middleware/EncryptCookies->handle(Object(Illuminate/Http/Request), Object(Closure))
#36 C:/PROYETO/web/proyectoWEB/frontLaravel/vendor/laravel/framework/src/Illuminate/Pipeline/Pipeline.php(137): Illuminate/Pipeline/Pipeline->{closure:{closure:Illuminate/Pipeline/Pipeline::carry():194}:195}(Object(Illuminate/Http/Request))
#37 C:/PROYETO/web/proyectoWEB/frontLaravel/vendor/laravel/framework/src/Illuminate/Routing/Router.php(821): Illuminate/Pipeline/Pipeline->then(Object(Closure))
#38 C:/PROYETO/web/proyectoWEB/frontLaravel/vendor/laravel/framework/src/Illuminate/Routing/Router.php(800): Illuminate/Routing/Router->runRouteWithinStack(Object(Illuminate/Routing/Route), Object(Illuminate/Http/Request))
#39 C:/PROYETO/web/proyectoWEB/frontLaravel/vendor/laravel/framework/src/Illuminate/Routing/Router.php(764): Illuminate/Routing/Router->runRoute(Object(Illuminate/Http/Request), Object(Illuminate/Routing/Route))
#40 C:/PROYETO/web/proyectoWEB/frontLaravel/vendor/laravel/framework/src/Illuminate/Routing/Router.php(753): Illuminate/Routing/Router->dispatchToRoute(Object(Illuminate/Http/Request))
#41 C:/PROYETO/web/proyectoWEB/frontLaravel/vendor/laravel/framework/src/Illuminate/Foundation/Http/Kernel.php(200): Illuminate/Routing/Router->dispatch(Object(Illuminate/Http/Request))
#42 C:/PROYETO/web/proyectoWEB/frontLaravel/vendor/laravel/framework/src/Illuminate/Pipeline/Pipeline.php(180): Illuminate/Foundation/Http/Kernel->{closure:Illuminate/Foundation/Http/Kernel::dispatchToRouter():197}(Object(Illuminate/Http/Request))
#43 C:/PROYETO/web/proyectoWEB/frontLaravel/vendor/livewire/livewire/src/Features/SupportDisablingBackButtonCache/DisableBackButtonCacheMiddleware.php(19): Illuminate/Pipeline/Pipeline->{closure:Illuminate/Pipeline/Pipeline::prepareDestination():178}(Object(Illuminate/Http/Request))
#44 C:/PROYETO/web/proyectoWEB/frontLaravel/vendor/laravel/framework/src/Illuminate/Pipeline/Pipeline.php(219): Livewire/Features/SupportDisablingBackButtonCache/DisableBackButtonCacheMiddleware->handle(Object(Illuminate/Http/Request), Object(Closure))
#45 C:/PROYETO/web/proyectoWEB/frontLaravel/vendor/laravel/framework/src/Illuminate/Foundation/Http/Middleware/TransformsRequest.php(21): Illuminate/Pipeline/Pipeline->{closure:{closure:Illuminate/Pipeline/Pipeline::carry():194}:195}(Object(Illuminate/Http/Request))
#46 C:/PROYETO/web/proyectoWEB/frontLaravel/vendor/laravel/framework/src/Illuminate/Foundation/Http/Middleware/ConvertEmptyStringsToNull.php(31): Illuminate/Foundation/Http/Middleware/TransformsRequest->handle(Object(Illuminate/Http/Request), Object(Closure))
#47 C:/PROYETO/web/proyectoWEB/frontLaravel/vendor/laravel/framework/src/Illuminate/Pipeline/Pipeline.php(219): Illuminate/Foundation/Http/Middleware/ConvertEmptyStringsToNull->handle(Object(Illuminate/Http/Request), Object(Closure))
#48 C:/PROYETO/web/proyectoWEB/frontLaravel/vendor/laravel/framework/src/Illuminate/Foundation/Http/Middleware/TransformsRequest.php(21): Illuminate/Pipeline/Pipeline->{closure:{closure:Illuminate/Pipeline/Pipeline::carry():194}:195}(Object(Illuminate/Http/Request))
#49 C:/PROYETO/web/proyectoWEB/frontLaravel/vendor/laravel/framework/src/Illuminate/Foundation/Http/Middleware/TrimStrings.php(51): Illuminate/Foundation/Http/Middleware/TransformsRequest->handle(Object(Illuminate/Http/Request), Object(Closure))
#50 C:/PROYETO/web/proyectoWEB/frontLaravel/vendor/laravel/framework/src/Illuminate/Pipeline/Pipeline.php(219): Illuminate/Foundation/Http/Middleware/TrimStrings->handle(Object(Illuminate/Http/Request), Object(Closure))
#51 C:/PROYETO/web/proyectoWEB/frontLaravel/vendor/laravel/framework/src/Illuminate/Http/Middleware/ValidatePostSize.php(27): Illuminate/Pipeline/Pipeline->{closure:{closure:Illuminate/Pipeline/Pipeline::carry():194}:195}(Object(Illuminate/Http/Request))
#52 C:/PROYETO/web/proyectoWEB/frontLaravel/vendor/laravel/framework/src/Illuminate/Pipeline/Pipeline.php(219): Illuminate/Http/Middleware/ValidatePostSize->handle(Object(Illuminate/Http/Request), Object(Closure))
#53 C:/PROYETO/web/proyectoWEB/frontLaravel/vendor/laravel/framework/src/Illuminate/Foundation/Http/Middleware/PreventRequestsDuringMaintenance.php(109): Illuminate/Pipeline/Pipeline->{closure:{closure:Illuminate/Pipeline/Pipeline::carry():194}:195}(Object(Illuminate/Http/Request))
#54 C:/PROYETO/web/proyectoWEB/frontLaravel/vendor/laravel/framework/src/Illuminate/Pipeline/Pipeline.php(219): Illuminate/Foundation/Http/Middleware/PreventRequestsDuringMaintenance->handle(Object(Illuminate/Http/Request), Object(Closure))
#55 C:/PROYETO/web/proyectoWEB/frontLaravel/vendor/laravel/framework/src/Illuminate/Http/Middleware/HandleCors.php(61): Illuminate/Pipeline/Pipeline->{closure:{closure:Illuminate/Pipeline/Pipeline::carry():194}:195}(Object(Illuminate/Http/Request))
#56 C:/PROYETO/web/proyectoWEB/frontLaravel/vendor/laravel/framework/src/Illuminate/Pipeline/Pipeline.php(219): Illuminate/Http/Middleware/HandleCors->handle(Object(Illuminate/Http/Request), Object(Closure))
#57 C:/PROYETO/web/proyectoWEB/frontLaravel/vendor/laravel/framework/src/Illuminate/Http/Middleware/TrustProxies.php(58): Illuminate/Pipeline/Pipeline->{closure:{closure:Illuminate/Pipeline/Pipeline::carry():194}:195}(Object(Illuminate/Http/Request))
#58 C:/PROYETO/web/proyectoWEB/frontLaravel/vendor/laravel/framework/src/Illuminate/Pipeline/Pipeline.php(219): Illuminate/Http/Middleware/TrustProxies->handle(Object(Illuminate/Http/Request), Object(Closure))
#59 C:/PROYETO/web/proyectoWEB/frontLaravel/vendor/laravel/framework/src/Illuminate/Foundation/Http/Middleware/InvokeDeferredCallbacks.php(22): Illuminate/Pipeline/Pipeline->{closure:{closure:Illuminate/Pipeline/Pipeline::carry():194}:195}(Object(Illuminate/Http/Request))
#60 C:/PROYETO/web/proyectoWEB/frontLaravel/vendor/laravel/framework/src/Illuminate/Pipeline/Pipeline.php(219): Illuminate/Foundation/Http/Middleware/InvokeDeferredCallbacks->handle(Object(Illuminate/Http/Request), Object(Closure))
#61 C:/PROYETO/web/proyectoWEB/frontLaravel/vendor/laravel/framework/src/Illuminate/Http/Middleware/ValidatePathEncoding.php(28): Illuminate/Pipeline/Pipeline->{closure:{closure:Illuminate/Pipeline/Pipeline::carry():194}:195}(Object(Illuminate/Http/Request))
#62 C:/PROYETO/web/proyectoWEB/frontLaravel/vendor/laravel/framework/src/Illuminate/Pipeline/Pipeline.php(219): Illuminate/Http/Middleware/ValidatePathEncoding->handle(Object(Illuminate/Http/Request), Object(Closure))
#63 C:/PROYETO/web/proyectoWEB/frontLaravel/vendor/laravel/framework/src/Illuminate/Pipeline/Pipeline.php(137): Illuminate/Pipeline/Pipeline->{closure:{closure:Illuminate/Pipeline/Pipeline::carry():194}:195}(Object(Illuminate/Http/Request))
#64 C:/PROYETO/web/proyectoWEB/frontLaravel/vendor/laravel/framework/src/Illuminate/Foundation/Http/Kernel.php(175): Illuminate/Pipeline/Pipeline->then(Object(Closure))
#65 C:/PROYETO/web/proyectoWEB/frontLaravel/vendor/laravel/framework/src/Illuminate/Foundation/Http/Kernel.php(144): Illuminate/Foundation/Http/Kernel->sendRequestThroughRouter(Object(Illuminate/Http/Request))
#66 C:/PROYETO/web/proyectoWEB/frontLaravel/vendor/laravel/framework/src/Illuminate/Foundation/Application.php(1220): Illuminate/Foundation/Http/Kernel->handle(Object(Illuminate/Http/Request))
#67 C:/PROYETO/web/proyectoWEB/frontLaravel/public/index.php(20): Illuminate/Foundation/Application->handleRequest(Object(Illuminate/Http/Request))
#68 C:/PROYETO/web/proyectoWEB/frontLaravel/vendor/laravel/framework/src/Illuminate/Foundation/resources/server.php(23): require_once('C://PROYETO//web//...')
#69 {main}
"} 
